domain,curve,pilot_fraction,pilot_points,target_horizon,method,prediction,absolute_error,lower,upper,width,covered,minimum_pilot_radius
NMT,"log_perplexity|6 Enc, 6 Dec",0.5,6,32.0,continuous_cert_1.0x,0.20574143329549027,0.1344148243968174,0.20353370880606975,0.2079491577849108,0.004415448978841052,0,0.005226866468835197
NMT,"log_perplexity|6 Enc, 6 Dec",0.5,6,32.0,continuous_cert_2.0x,0.2333328204450452,0.10682343724726248,0.18888385772186417,0.2777817831682262,0.08889792544636205,0,0.005226866468835197
NMT,"log_perplexity|6 Enc, 6 Dec",0.5,6,32.0,continuous_cert_3.0x,0.2501436413400214,0.09001261635228625,0.1771787438837319,0.323108538796311,0.14592979491257912,0,0.005226866468835197
NMT,"log_perplexity|6 Enc, 6 Dec",0.5,6,32.0,continuous_cert_4.0x,0.2586389953484591,0.0815172623438486,0.16547363004559945,0.3518043606513187,0.18633073060571925,1,0.005226866468835197
NMT,"log_perplexity|6 Enc, 6 Dec",0.5,6,32.0,one_power,0.29698217021337353,0.04317408747893414,nan,nan,,,0.005226866468835197
NMT,"log_perplexity|6 Enc, 6 Dec",0.5,6,32.0,two_power,0.20057670520795057,0.1395795524843571,nan,nan,,,0.005226866468835197
NMT,"log_perplexity|6 Enc, 6 Dec",0.5,6,32.0,one_power_bootstrap,0.29698217021337353,0.04317408747893414,0.24685195711437743,0.3464283859118539,0.09957642879747644,1,0.005226866468835197
NMT,"log_perplexity|6 Enc, 6 Dec",0.7,8,8.0,continuous_cert_1.0x,0.27479785627498193,0.06535840141732574,0.2738057442454754,0.2757899683044885,0.0019842240590131066,0,0.010375409316060655
NMT,"log_perplexity|6 Enc, 6 Dec",0.7,8,8.0,continuous_cert_2.0x,0.279660869610296,0.06049538808201166,0.21979035640693506,0.3395313828136569,0.11974102640672185,0,0.010375409316060655
NMT,"log_perplexity|6 Enc, 6 Dec",0.7,8,8.0,continuous_cert_3.0x,0.2826902581136927,0.05746599957861498,0.2040231614647813,0.36135735476260405,0.15733419329782275,1,0.010375409316060655
NMT,"log_perplexity|6 Enc, 6 Dec",0.7,8,8.0,continuous_cert_4.0x,0.2860449011185737,0.05411135657373395,0.19291243889935022,0.37917736333779717,0.18626492443844694,1,0.010375409316060655
NMT,"log_perplexity|6 Enc, 6 Dec",0.7,8,8.0,one_power,0.2957319644852147,0.04442429320709296,nan,nan,,,0.010375409316060655
NMT,"log_perplexity|6 Enc, 6 Dec",0.7,8,8.0,two_power,0.27539864949885684,0.06475760819345083,nan,nan,,,0.010375409316060655
NMT,"log_perplexity|6 Enc, 6 Dec",0.7,8,8.0,one_power_bootstrap,0.2957319644852147,0.04442429320709296,0.2756038045811462,0.3153060063046817,0.0397022017235355,0,0.010375409316060655
NMT,"log_perplexity|6 Enc, 6 Dec",0.85,9,4.0,continuous_cert_1.0x,0.3072489759185256,0.03290728177378205,0.306869390632986,0.30762856120406523,0.0007591705710792152,0,0.013479705498485383
NMT,"log_perplexity|6 Enc, 6 Dec",0.85,9,4.0,continuous_cert_2.0x,0.30519670979225966,0.034959547900048016,0.25679874400687713,0.35359467557764224,0.0967959315707651,1,0.013479705498485383
NMT,"log_perplexity|6 Enc, 6 Dec",0.85,9,4.0,continuous_cert_3.0x,0.305972779073642,0.034183478618665664,0.23453922320749504,0.377406334939789,0.14286711173229394,1,0.013479705498485383
NMT,"log_perplexity|6 Enc, 6 Dec",0.85,9,4.0,continuous_cert_4.0x,0.3079922665616098,0.0321639911306979,0.21776274981839241,0.39822178330482716,0.18045903348643474,1,0.013479705498485383
NMT,"log_perplexity|6 Enc, 6 Dec",0.85,9,4.0,one_power,0.3102403565743159,0.02991590111799175,nan,nan,,,0.013479705498485383
NMT,"log_perplexity|6 Enc, 6 Dec",0.85,9,4.0,two_power,0.3038764875558504,0.03627977013645728,nan,nan,,,0.013479705498485383
NMT,"log_perplexity|6 Enc, 6 Dec",0.85,9,4.0,one_power_bootstrap,0.3102403565743159,0.02991590111799175,0.2989548033173068,0.32654308497016454,0.02758828165285776,0,0.013479705498485383
NMT,"log_perplexity|28 Enc, 6 Dec",0.5,5,32.0,continuous_cert_1.0x,0.23104756803609955,0.07560507811774658,0.22911227594870065,0.23298286012349845,0.0038705841747977976,0,0.008299331387437488
NMT,"log_perplexity|28 Enc, 6 Dec",0.5,5,32.0,continuous_cert_2.0x,0.26434116947455943,0.0423114766792867,0.19823317077751168,0.3304491681716072,0.1322159973940955,1,0.008299331387437488
NMT,"log_perplexity|28 Enc, 6 Dec",0.5,5,32.0,continuous_cert_3.0x,0.28519454664446164,0.021458099509384487,0.1837187812653867,0.3866703120235365,0.2029515307581498,1,0.008299331387437488
NMT,"log_perplexity|28 Enc, 6 Dec",0.5,5,32.0,continuous_cert_4.0x,0.2993954585146485,0.0072571876391976375,0.17276400853961113,0.4260269084896859,0.2532628999500748,1,0.008299331387437488
NMT,"log_perplexity|28 Enc, 6 Dec",0.5,5,32.0,one_power,0.22670237557107362,0.07995027058277251,nan,nan,,,0.008299331387437488
NMT,"log_perplexity|28 Enc, 6 Dec",0.5,5,32.0,two_power,0.2271302373069503,0.07952240884689582,nan,nan,,,0.008299331387437488
NMT,"log_perplexity|28 Enc, 6 Dec",0.5,5,32.0,one_power_bootstrap,0.22670237557107362,0.07995027058277251,0.2198802000809296,0.2926550430617707,0.07277484298084111,0,0.008299331387437488
NMT,"log_perplexity|28 Enc, 6 Dec",0.7,7,8.0,continuous_cert_1.0x,0.23104756803640245,0.07560507811744369,0.2291122759484719,0.232982860124333,0.0038705841758611137,0,0.008299331387475668
NMT,"log_perplexity|28 Enc, 6 Dec",0.7,7,8.0,continuous_cert_2.0x,0.26077227709676304,0.04588036905708309,0.21807632465929042,0.30346822953423563,0.08539190487494522,0,0.008299331387475668
NMT,"log_perplexity|28 Enc, 6 Dec",0.7,7,8.0,continuous_cert_3.0x,0.2692477624267245,0.03740488372712164,0.20899625650951492,0.32949926834393406,0.12050301183441914,1,0.008299331387475668
NMT,"log_perplexity|28 Enc, 6 Dec",0.7,7,8.0,continuous_cert_4.0x,0.2755952386676853,0.031057407486160815,0.20031001388123545,0.3508804634541352,0.15057044957289975,1,0.008299331387475668
NMT,"log_perplexity|28 Enc, 6 Dec",0.7,7,8.0,one_power,0.24436303430534123,0.0622896118485049,nan,nan,,,0.008299331387475668
NMT,"log_perplexity|28 Enc, 6 Dec",0.7,7,8.0,two_power,0.2443630098408384,0.06228963631300774,nan,nan,,,0.008299331387475668
NMT,"log_perplexity|28 Enc, 6 Dec",0.7,7,8.0,one_power_bootstrap,0.24436303430534123,0.0622896118485049,0.22817831721903303,0.2679127218387164,0.03973440461968336,0,0.008299331387475668
NMT,"log_perplexity|28 Enc, 6 Dec",0.85,8,4.0,continuous_cert_1.0x,0.2631621868304491,0.04349045932339701,0.26205193829149864,0.26427243536939965,0.002220497077901007,0,0.00995314151937005
NMT,"log_perplexity|28 Enc, 6 Dec",0.85,8,4.0,continuous_cert_2.0x,0.27510338674107154,0.03154925941277459,0.23526524553721428,0.3149415279449288,0.07967628240771452,1,0.00995314151937005
NMT,"log_perplexity|28 Enc, 6 Dec",0.85,8,4.0,continuous_cert_3.0x,0.28003309315998065,0.02661955299386548,0.223777269051429,0.3362889172685323,0.11251164821710327,1,0.00995314151937005
NMT,"log_perplexity|28 Enc, 6 Dec",0.85,8,4.0,continuous_cert_4.0x,0.28348496019157843,0.023167685962267703,0.21364085602516053,0.3533290643579964,0.13968820833283585,1,0.00995314151937005
NMT,"log_perplexity|28 Enc, 6 Dec",0.85,8,4.0,one_power,0.26763092020053225,0.03902172595331388,nan,nan,,,0.00995314151937005
NMT,"log_perplexity|28 Enc, 6 Dec",0.85,8,4.0,two_power,0.2676308812473571,0.03902176490648901,nan,nan,,,0.00995314151937005
NMT,"log_perplexity|28 Enc, 6 Dec",0.85,8,4.0,one_power_bootstrap,0.26763092020053225,0.03902172595331388,0.24819274727850954,0.28268873665534344,0.0344959893768339,0,0.00995314151937005
NMT,"log_perplexity|6 Enc, 28 Dec",0.5,6,32.0,continuous_cert_1.0x,0.198058069077767,0.09881955399915612,0.1959327865737048,0.20018335158182918,0.004250565008124374,0,0.006078675143538699
NMT,"log_perplexity|6 Enc, 28 Dec",0.5,6,32.0,continuous_cert_2.0x,0.22517775695970327,0.07169986611721985,0.17325072921355647,0.27710478470585004,0.10385405549229357,0,0.006078675143538699
NMT,"log_perplexity|6 Enc, 28 Dec",0.5,6,32.0,continuous_cert_3.0x,0.2390720215839818,0.05780560149294131,0.16405679461127715,0.31408724855668646,0.15003045394540931,1,0.006078675143538699
NMT,"log_perplexity|6 Enc, 28 Dec",0.5,6,32.0,continuous_cert_4.0x,0.25142956650757786,0.04544805656934525,0.1562272661875725,0.34663186682758323,0.19040460064001075,1,0.006078675143538699
NMT,"log_perplexity|6 Enc, 28 Dec",0.5,6,32.0,one_power,0.24141345196523667,0.055464171111686444,nan,nan,,,0.006078675143538699
NMT,"log_perplexity|6 Enc, 28 Dec",0.5,6,32.0,two_power,0.19443565624822529,0.10244196682869783,nan,nan,,,0.006078675143538699
NMT,"log_perplexity|6 Enc, 28 Dec",0.5,6,32.0,one_power_bootstrap,0.24141345196523667,0.055464171111686444,0.18660165499711218,0.27853079244808854,0.09192913745097636,0,0.006078675143538699
NMT,"log_perplexity|6 Enc, 28 Dec",0.7,8,8.0,continuous_cert_1.0x,0.23926094369713063,0.05761667937979248,0.23721866411419737,0.24130322328006387,0.004084559165866503,0,0.008292339457831376
NMT,"log_perplexity|6 Enc, 28 Dec",0.7,8,8.0,continuous_cert_2.0x,0.2502411772083824,0.04663644586854071,0.20178791706946836,0.29869443734729645,0.09690652027782809,1,0.008292339457831376
NMT,"log_perplexity|6 Enc, 28 Dec",0.7,8,8.0,continuous_cert_3.0x,0.2550094073793552,0.041868215697567934,0.1920324096842106,0.3179864050744997,0.12595399539028912,1,0.008292339457831376
NMT,"log_perplexity|6 Enc, 28 Dec",0.7,8,8.0,continuous_cert_4.0x,0.25914212623154265,0.03773549684538047,0.18248471403464858,0.33579953842843674,0.15331482439378816,1,0.008292339457831376
NMT,"log_perplexity|6 Enc, 28 Dec",0.7,8,8.0,one_power,0.25492093540366906,0.041956687673254056,nan,nan,,,0.008292339457831376
NMT,"log_perplexity|6 Enc, 28 Dec",0.7,8,8.0,two_power,0.24739268178755286,0.049484941289370254,nan,nan,,,0.008292339457831376
NMT,"log_perplexity|6 Enc, 28 Dec",0.7,8,8.0,one_power_bootstrap,0.25492093540366906,0.041956687673254056,0.23605325987802853,0.2750549220975459,0.03900166221951737,0,0.008292339457831376
NMT,"log_perplexity|6 Enc, 28 Dec",0.85,9,4.0,continuous_cert_1.0x,0.2620452000731569,0.03483242300376621,0.2612291549930307,0.2628612451532831,0.0016320901602523974,0,0.010060938541634772
NMT,"log_perplexity|6 Enc, 28 Dec",0.85,9,4.0,continuous_cert_2.0x,0.26556911977265885,0.03130850330426427,0.2241974997100493,0.3069407398352684,0.08274324012521908,1,0.010060938541634772
NMT,"log_perplexity|6 Enc, 28 Dec",0.85,9,4.0,continuous_cert_3.0x,0.26730555395843386,0.029572069118489253,0.20946563879954788,0.32514546911731984,0.11567983031777196,1,0.010060938541634772
NMT,"log_perplexity|6 Enc, 28 Dec",0.85,9,4.0,continuous_cert_4.0x,0.2697742019245933,0.027103421152329832,0.19889890354979942,0.3406495002993871,0.1417505967495877,1,0.010060938541634772
NMT,"log_perplexity|6 Enc, 28 Dec",0.85,9,4.0,one_power,0.26612498788699024,0.030752635189932875,nan,nan,,,0.010060938541634772
NMT,"log_perplexity|6 Enc, 28 Dec",0.85,9,4.0,two_power,0.2661250214541082,0.0307526016228149,nan,nan,,,0.010060938541634772
NMT,"log_perplexity|6 Enc, 28 Dec",0.85,9,4.0,one_power_bootstrap,0.26612498788699024,0.030752635189932875,0.25587180932313763,0.2759336216078233,0.020061812284685676,0,0.010060938541634772
NMT,log_perplexity|Dec-only,0.5,6,32.0,continuous_cert_1.0x,0.2807872418205746,0.10153728510250232,0.2803740918009855,0.28120039184016365,0.0008263000391781627,0,0.009697257877857884
NMT,log_perplexity|Dec-only,0.5,6,32.0,continuous_cert_2.0x,0.27291483279288786,0.10940969413018903,0.18005548606553348,0.3657741795202422,0.18571869345470873,0,0.009697257877857884
NMT,log_perplexity|Dec-only,0.5,6,32.0,continuous_cert_3.0x,0.27730759985845416,0.10501692706462273,0.15717498503359276,0.3974402146833156,0.24026522964972283,1,0.009697257877857884
NMT,log_perplexity|Dec-only,0.5,6,32.0,continuous_cert_4.0x,0.28496096238119073,0.09736356454188616,0.14826349503552275,0.42165842972685874,0.273394934691336,1,0.009697257877857884
NMT,log_perplexity|Dec-only,0.5,6,32.0,one_power,0.28017417549464063,0.10215035142843626,nan,nan,,,0.009697257877857884
NMT,log_perplexity|Dec-only,0.5,6,32.0,two_power,0.28017417750683554,0.10215034941624135,nan,nan,,,0.009697257877857884
NMT,log_perplexity|Dec-only,0.5,6,32.0,one_power_bootstrap,0.28017417549464063,0.10215035142843626,0.22789563101083304,0.31221206194430995,0.0843164309334769,0,0.009697257877857884
NMT,log_perplexity|Dec-only,0.7,8,8.0,continuous_cert_1.0x,0.3400878982169884,0.042236628706088464,0.3398988719992849,0.34027692443469193,0.00037805243540700584,0,0.013881229106507428
NMT,log_perplexity|Dec-only,0.7,8,8.0,continuous_cert_2.0x,0.32807992731938773,0.05424459960368916,0.26254289736531106,0.39361695727346446,0.1310740599081534,1,0.013881229106507428
NMT,log_perplexity|Dec-only,0.7,8,8.0,continuous_cert_3.0x,0.32989267220646257,0.05243185471661432,0.2385327987212218,0.42125254569170334,0.18271974697048154,1,0.013881229106507428
NMT,log_perplexity|Dec-only,0.7,8,8.0,continuous_cert_4.0x,0.32807859885462937,0.054245928068447524,0.2173821786922899,0.4387750190169688,0.2213928403246789,1,0.013881229106507428
NMT,log_perplexity|Dec-only,0.7,8,8.0,one_power,0.3406238817742356,0.04170064514884131,nan,nan,,,0.013881229106507428
NMT,log_perplexity|Dec-only,0.7,8,8.0,two_power,0.3406239260315861,0.0417006008914908,nan,nan,,,0.013881229106507428
NMT,log_perplexity|Dec-only,0.7,8,8.0,one_power_bootstrap,0.3406238817742356,0.04170064514884131,0.3170359107725049,0.3610825791515105,0.04404666837900556,0,0.013881229106507428
NMT,log_perplexity|Dec-only,0.85,9,4.0,continuous_cert_1.0x,0.3546816593692993,0.027642867553777595,0.35454005590418947,0.35482326283440907,0.00028320693021960386,0,0.016662526903840503
NMT,log_perplexity|Dec-only,0.85,9,4.0,continuous_cert_2.0x,0.35282481555499956,0.02949971136807733,0.29698018195929743,0.40866944915070175,0.11168926719140432,1,0.016662526903840503
NMT,log_perplexity|Dec-only,0.85,9,4.0,continuous_cert_3.0x,0.3503745005268041,0.03195002639627281,0.26874609842791847,0.43200290262568974,0.16325680419777128,1,0.016662526903840503
NMT,log_perplexity|Dec-only,0.85,9,4.0,continuous_cert_4.0x,0.34956482980245235,0.03275969712062454,0.2475241306974301,0.4516055289074746,0.20408139821004448,1,0.016662526903840503
NMT,log_perplexity|Dec-only,0.85,9,4.0,one_power,0.35484516982180603,0.027479357101270863,nan,nan,,,0.016662526903840503
NMT,log_perplexity|Dec-only,0.85,9,4.0,two_power,0.35484513179541816,0.027479395127658734,nan,nan,,,0.016662526903840503
NMT,log_perplexity|Dec-only,0.85,9,4.0,one_power_bootstrap,0.35484516982180603,0.027479357101270863,0.3363628040940036,0.36661301001470165,0.030250205920698048,0,0.016662526903840503
NMT,log_perplexity|TEnc-LSTM,0.5,5,32.0,continuous_cert_1.0x,0.2819061251351839,0.09051584409558527,0.2795447891430581,0.2842674611273098,0.004722671984251692,0,0.003722152309413795
NMT,log_perplexity|TEnc-LSTM,0.5,5,32.0,continuous_cert_2.0x,0.31696857520487665,0.055453394025892555,0.24603934241827152,0.3878978079914818,0.1418584655732103,1,0.003722152309413795
NMT,log_perplexity|TEnc-LSTM,0.5,5,32.0,continuous_cert_3.0x,0.3242180569275611,0.048203912303208085,0.23212425568153802,0.4163118581735842,0.18418760249204616,1,0.003722152309413795
NMT,log_perplexity|TEnc-LSTM,0.5,5,32.0,continuous_cert_4.0x,0.3283517767473398,0.044070192483429416,0.21987187428456353,0.436831679210116,0.21695980492555247,1,0.003722152309413795
NMT,log_perplexity|TEnc-LSTM,0.5,5,32.0,one_power,0.39193954441104223,0.019517575180273028,nan,nan,,,0.003722152309413795
NMT,log_perplexity|TEnc-LSTM,0.5,5,32.0,two_power,0.27852459072884755,0.09389737850192165,nan,nan,,,0.003722152309413795
NMT,log_perplexity|TEnc-LSTM,0.5,5,32.0,one_power_bootstrap,0.39193954441104223,0.019517575180273028,0.3689909992568155,0.41410206357936885,0.04511106432255335,1,0.003722152309413795
NMT,log_perplexity|TEnc-LSTM,0.7,7,8.0,continuous_cert_1.0x,0.3188072659396106,0.05361470329115858,0.3168061977182436,0.3208083341609777,0.004002136442734117,0,0.005678820522730613
NMT,log_perplexity|TEnc-LSTM,0.7,7,8.0,continuous_cert_2.0x,0.32498123898577536,0.047440730244993845,0.27940708645308804,0.3705553915184627,0.09114830506537464,0,0.005678820522730613
NMT,log_perplexity|TEnc-LSTM,0.7,7,8.0,continuous_cert_3.0x,0.3287022497744397,0.04371971945632952,0.26905459984202207,0.3883498997068573,0.11929529986483522,1,0.005678820522730613
NMT,log_perplexity|TEnc-LSTM,0.7,7,8.0,continuous_cert_4.0x,0.3298327869544143,0.04258918227635489,0.25996464433260297,0.39970092957622566,0.1397362852436227,1,0.005678820522730613
NMT,log_perplexity|TEnc-LSTM,0.7,7,8.0,one_power,0.35850679166743255,0.013915177563336656,nan,nan,,,0.005678820522730613
NMT,log_perplexity|TEnc-LSTM,0.7,7,8.0,two_power,0.33631872831164605,0.03610324091912315,nan,nan,,,0.005678820522730613
NMT,log_perplexity|TEnc-LSTM,0.7,7,8.0,one_power_bootstrap,0.35850679166743255,0.013915177563336656,0.3435609585866536,0.3755758275863562,0.03201486899970263,1,0.005678820522730613
NMT,log_perplexity|TEnc-LSTM,0.85,8,4.0,continuous_cert_1.0x,0.3573683629372313,0.015053606293537913,0.35719465113611754,0.357542074738345,0.00034742360222744795,0,0.008931867630988929
NMT,log_perplexity|TEnc-LSTM,0.85,8,4.0,continuous_cert_2.0x,0.35142341640662694,0.020998552824142258,0.3127697651430441,0.3900770676702098,0.07730730252716567,1,0.008931867630988929
NMT,log_perplexity|TEnc-LSTM,0.85,8,4.0,continuous_cert_3.0x,0.3502989820196133,0.02212298721115591,0.29344116780716,0.4071567962320666,0.11371562842490657,1,0.008931867630988929
NMT,log_perplexity|TEnc-LSTM,0.85,8,4.0,continuous_cert_4.0x,0.350406003236387,0.022015965994382214,0.2806417115679684,0.42017029490480556,0.13952858333683715,1,0.008931867630988929
NMT,log_perplexity|TEnc-LSTM,0.85,8,4.0,one_power,0.3651150377666064,0.00730693146416278,nan,nan,,,0.008931867630988929
NMT,log_perplexity|TEnc-LSTM,0.85,8,4.0,two_power,0.35836269765599904,0.01405927157477016,nan,nan,,,0.008931867630988929
NMT,log_perplexity|TEnc-LSTM,0.85,8,4.0,one_power_bootstrap,0.3651150377666064,0.00730693146416278,0.3537098452859632,0.3756208723104666,0.02191102702450337,1,0.008931867630988929
IC,bird_5|MiX/B/16,0.5,12,1.3951612903225807,continuous_cert_1.0x,0.34838658998162814,0.00498193929345675,0.3446308165816992,0.3521423633815571,0.007511546799857882,0,0.021911551405203226
IC,bird_5|MiX/B/16,0.5,12,1.3951612903225807,continuous_cert_2.0x,0.35251337449346,0.009108723805288599,0.31398674260350734,0.39104000638341263,0.07705326377990529,1,0.021911551405203226
IC,bird_5|MiX/B/16,0.5,12,1.3951612903225807,continuous_cert_3.0x,0.35045317552654665,0.0070485248383752586,0.2833426686253155,0.4175636824277778,0.13422101380246232,1,0.021911551405203226
IC,bird_5|MiX/B/16,0.5,12,1.3951612903225807,continuous_cert_4.0x,0.34809378949855163,0.0046891388103802445,0.25461519215969264,0.4415723868374106,0.18695719467771799,1,0.021911551405203226
IC,bird_5|MiX/B/16,0.5,12,1.3951612903225807,one_power,0.3390016066392522,0.004403044048919169,nan,nan,,,0.021911551405203226
IC,bird_5|MiX/B/16,0.5,12,1.3951612903225807,two_power,0.3390016000530647,0.004403050635106709,nan,nan,,,0.021911551405203226
IC,bird_5|MiX/B/16,0.5,12,1.3951612903225807,one_power_bootstrap,0.3390016066392522,0.004403044048919169,0.33213969899766455,0.3482792651359251,0.016139566138260564,1,0.021911551405203226
IC,bird_5|MiX/B/16,0.7,17,1.1986143187066975,continuous_cert_1.0x,0.3483865899811406,0.004981939292969195,0.34463081658216155,0.35214236338011967,0.007511546797958124,0,0.021911551404872633
IC,bird_5|MiX/B/16,0.7,17,1.1986143187066975,continuous_cert_2.0x,0.3525133744935124,0.009108723805341001,0.31398674260443205,0.3910400063825928,0.07705326377816074,1,0.021911551404872633
IC,bird_5|MiX/B/16,0.7,17,1.1986143187066975,continuous_cert_3.0x,0.3504531755266802,0.007048524838508818,0.28334266862670254,0.4175636824266578,0.13422101379995527,1,0.021911551404872633
IC,bird_5|MiX/B/16,0.7,17,1.1986143187066975,continuous_cert_4.0x,0.3476088402183257,0.004204189530154334,0.25461519216096806,0.4406024882756833,0.18598729611471526,1,0.021911551404872633
IC,bird_5|MiX/B/16,0.7,17,1.1986143187066975,one_power,0.3400670140611491,0.0033376366270223,nan,nan,,,0.021911551404872633
IC,bird_5|MiX/B/16,0.7,17,1.1986143187066975,two_power,0.34006701360002795,0.0033376370881434414,nan,nan,,,0.021911551404872633
IC,bird_5|MiX/B/16,0.7,17,1.1986143187066975,one_power_bootstrap,0.3400670140611491,0.0033376366270223,0.3358034155140138,0.34579833670685634,0.00999492119284251,1,0.021911551404872633
IC,bird_5|MiX/B/16,0.85,20,1.1042553191489362,continuous_cert_1.0x,0.3483865899814311,0.004981939293259741,0.3446308165818861,0.35214236338097615,0.007511546799090052,0,0.021911551405069642
IC,bird_5|MiX/B/16,0.85,20,1.1042553191489362,continuous_cert_2.0x,0.35251337449348114,0.009108723805309749,0.31398674260388093,0.39104000638308134,0.07705326377920041,1,0.021911551405069642
IC,bird_5|MiX/B/16,0.85,20,1.1042553191489362,continuous_cert_3.0x,0.3504531755266006,0.007048524838429215,0.2833426686258759,0.4175636824273253,0.13422101380144935,1,0.021911551405069642
IC,bird_5|MiX/B/16,0.85,20,1.1042553191489362,continuous_cert_4.0x,0.34875298228020296,0.005348331592031574,0.25711943105694113,0.4403865335034648,0.18326710244652367,1,0.021911551405069642
IC,bird_5|MiX/B/16,0.85,20,1.1042553191489362,one_power,0.3413205718323828,0.002084078855788596,nan,nan,,,0.021911551405069642
IC,bird_5|MiX/B/16,0.85,20,1.1042553191489362,two_power,0.34132055819917484,0.0020840924889965473,nan,nan,,,0.021911551405069642
IC,bird_5|MiX/B/16,0.85,20,1.1042553191489362,one_power_bootstrap,0.3413205718323828,0.002084078855788596,0.33849712791182207,0.3464667872784231,0.007969659366601045,1,0.021911551405069642
IC,c_5|MiX/B/16,0.5,12,1.4595238095238094,continuous_cert_1.0x,0.3682528906289345,0.0191471404608482,0.36495631804568796,0.37154946321218113,0.006593145166493175,0,0.010573164373388736
IC,c_5|MiX/B/16,0.5,12,1.4595238095238094,continuous_cert_2.0x,0.37664390687898175,0.010756124210800966,0.35367653132825544,0.399611282429708,0.045934751101452564,1,0.010573164373388736
IC,c_5|MiX/B/16,0.5,12,1.4595238095238094,continuous_cert_3.0x,0.37859347836233237,0.008806552727450345,0.3430665580991923,0.4141203986254724,0.07105384052628011,1,0.010573164373388736
IC,c_5|MiX/B/16,0.5,12,1.4595238095238094,continuous_cert_4.0x,0.38014768696984413,0.007252344119938581,0.3324565848701291,0.4278387890695592,0.09538220419943011,1,0.010573164373388736
IC,c_5|MiX/B/16,0.5,12,1.4595238095238094,one_power,0.3768104104376985,0.010589620652084242,nan,nan,,,0.010573164373388736
IC,c_5|MiX/B/16,0.5,12,1.4595238095238094,two_power,0.3768104057623851,0.0105896253273976,nan,nan,,,0.010573164373388736
IC,c_5|MiX/B/16,0.5,12,1.4595238095238094,one_power_bootstrap,0.3768104104376985,0.010589620652084242,0.370452533891274,0.38241986904858943,0.011967335157315406,0,0.010573164373388736
IC,c_5|MiX/B/16,0.7,17,1.2235528942115768,continuous_cert_1.0x,0.37461257828716166,0.012787452802621058,0.371511243051171,0.3777139135231523,0.006202670471981309,0,0.01127491081469185
IC,c_5|MiX/B/16,0.7,17,1.2235528942115768,continuous_cert_2.0x,0.3803499656623519,0.007050065427430807,0.3591256861663457,0.4015742451583581,0.042448558992012386,1,0.01127491081469185
IC,c_5|MiX/B/16,0.7,17,1.2235528942115768,continuous_cert_3.0x,0.38243634846245034,0.0049636826273323775,0.3479433009441317,0.41692939598076906,0.06898609503663738,1,0.01127491081469185
IC,c_5|MiX/B/16,0.7,17,1.2235528942115768,continuous_cert_4.0x,0.38408860379755344,0.0033114272922292742,0.3367863476621932,0.4313908599329137,0.09460451227072053,1,0.01127491081469185
IC,c_5|MiX/B/16,0.7,17,1.2235528942115768,one_power,0.37921168904348523,0.008188342046297481,nan,nan,,,0.01127491081469185
IC,c_5|MiX/B/16,0.7,17,1.2235528942115768,two_power,0.37921169733925675,0.008188333750525967,nan,nan,,,0.01127491081469185
IC,c_5|MiX/B/16,0.7,17,1.2235528942115768,one_power_bootstrap,0.37921168904348523,0.008188342046297481,0.37473571149382134,0.3834910995071075,0.00875538801328618,0,0.01127491081469185
IC,c_5|MiX/B/16,0.85,20,1.116575591985428,continuous_cert_1.0x,0.37618355856660735,0.01121647252317537,0.37310721858322454,0.3792598985499902,0.006152679966765662,0,0.011451970551170993
IC,c_5|MiX/B/16,0.85,20,1.116575591985428,continuous_cert_2.0x,0.3812886972794468,0.006111333810335906,0.36050786842296795,0.4020695261359257,0.04156165771295778,1,0.011451970551170993
IC,c_5|MiX/B/16,0.85,20,1.116575591985428,continuous_cert_3.0x,0.3833431879754763,0.00405684311430643,0.34915788805432946,0.41752848789662317,0.06837059984229371,1,0.011451970551170993
IC,c_5|MiX/B/16,0.85,20,1.116575591985428,continuous_cert_4.0x,0.38382355224650566,0.0035764788432770533,0.3378399883805283,0.429807116112483,0.0919671277319547,1,0.011451970551170993
IC,c_5|MiX/B/16,0.85,20,1.116575591985428,one_power,0.38071996808970204,0.0066800630000806716,nan,nan,,,0.011451970551170993
IC,c_5|MiX/B/16,0.85,20,1.116575591985428,two_power,0.38071997687051357,0.006680054219269149,nan,nan,,,0.011451970551170993
IC,c_5|MiX/B/16,0.85,20,1.116575591985428,one_power_bootstrap,0.38071996808970204,0.0066800630000806716,0.37698867932817187,0.3844859928578329,0.007497313529661043,0,0.011451970551170993
IC,cal_5|MiX/B/16,0.5,12,2.397134923089811,continuous_cert_1.0x,0.17488323696472616,0.004064092556453042,0.17437899732634937,0.17538747660310294,0.001008479276753571,0,0.0625389107890847
IC,cal_5|MiX/B/16,0.5,12,2.397134923089811,continuous_cert_2.0x,0.20720287079537145,0.028255541274192247,0.09722199561288648,0.3171837459778564,0.21996175036496995,1,0.0625389107890847
IC,cal_5|MiX/B/16,0.5,12,2.397134923089811,continuous_cert_3.0x,0.22300630894524007,0.04405897942406087,0.05201630759199338,0.39399631029848675,0.34198000270649337,1,0.0625389107890847
IC,cal_5|MiX/B/16,0.5,12,2.397134923089811,continuous_cert_4.0x,0.2416668654996909,0.06271953597851171,0.02613384510548267,0.45719988589389915,0.4310660407884165,1,0.0625389107890847
IC,cal_5|MiX/B/16,0.5,12,2.397134923089811,one_power,0.1419579712903758,0.036989358230803404,nan,nan,,,0.0625389107890847
IC,cal_5|MiX/B/16,0.5,12,2.397134923089811,two_power,0.14195805935314376,0.03698927016803544,nan,nan,,,0.0625389107890847
IC,cal_5|MiX/B/16,0.5,12,2.397134923089811,one_power_bootstrap,0.1419579712903758,0.036989358230803404,0.1290028403985878,0.20702221539853144,0.07801937499994363,1,0.0625389107890847
IC,cal_5|MiX/B/16,0.7,17,1.3611111111111112,continuous_cert_1.0x,0.17488323696467611,0.004064092556503085,0.17437899732638962,0.17538747660296264,0.001008479276573021,0,0.062538910789059
IC,cal_5|MiX/B/16,0.7,17,1.3611111111111112,continuous_cert_2.0x,0.20274558991361274,0.023798260392433546,0.09722199561293707,0.30826918421428845,0.21104718860135138,1,0.062538910789059
IC,cal_5|MiX/B/16,0.7,17,1.3611111111111112,continuous_cert_3.0x,0.21383530643958776,0.03488797691840856,0.05201630759203429,0.3756543052871412,0.3236379976951069,1,0.062538910789059
IC,cal_5|MiX/B/16,0.7,17,1.3611111111111112,continuous_cert_4.0x,0.23227069412989096,0.05332336460871176,0.026133845105512366,0.43840754315426955,0.4122736980487572,1,0.062538910789059
IC,cal_5|MiX/B/16,0.7,17,1.3611111111111112,one_power,0.145426781143715,0.03352054837746421,nan,nan,,,0.062538910789059
IC,cal_5|MiX/B/16,0.7,17,1.3611111111111112,two_power,0.14542678149846225,0.03352054802271695,nan,nan,,,0.062538910789059
IC,cal_5|MiX/B/16,0.7,17,1.3611111111111112,one_power_bootstrap,0.145426781143715,0.03352054837746421,0.1379351602753021,0.1759657483686536,0.038030588093351525,0,0.062538910789059
IC,cal_5|MiX/B/16,0.85,20,1.1666666666666667,continuous_cert_1.0x,0.1748832369646811,0.004064092556498089,0.1743789973263856,0.1753874766029766,0.0010084792765910067,0,0.0625389107890616
IC,cal_5|MiX/B/16,0.85,20,1.1666666666666667,continuous_cert_2.0x,0.20024978906650515,0.021302459545325947,0.09722199561293195,0.30327758252007836,0.20605558690714643,1,0.0625389107890616
IC,cal_5|MiX/B/16,0.85,20,1.1666666666666667,continuous_cert_3.0x,0.2101957735321397,0.031248444010960497,0.052016307592030166,0.3683752394722492,0.316358931880219,1,0.0625389107890616
IC,cal_5|MiX/B/16,0.85,20,1.1666666666666667,continuous_cert_4.0x,0.22858823899951677,0.049640909478337575,0.026133845105509368,0.4310426328935242,0.4049087877880148,1,0.0625389107890616
IC,cal_5|MiX/B/16,0.85,20,1.1666666666666667,one_power,0.14926406099252257,0.02968326852865663,nan,nan,,,0.0625389107890616
IC,cal_5|MiX/B/16,0.85,20,1.1666666666666667,two_power,0.14926406196556202,0.029683267555617177,nan,nan,,,0.0625389107890616
IC,cal_5|MiX/B/16,0.85,20,1.1666666666666667,one_power_bootstrap,0.14926406099252257,0.02968326852865663,0.14243589118868785,0.16706624798002043,0.024630356791332575,0,0.0625389107890616
IC,inet_5|MiX/B/16,0.5,12,1.32010582010582,continuous_cert_1.0x,0.36441556045436085,0.0034755212964934223,0.36053949622064685,0.3682916246880749,0.0077521284674280655,1,0.020461572650927122
IC,inet_5|MiX/B/16,0.5,12,1.32010582010582,continuous_cert_2.0x,0.36748630186480136,0.006546262706933925,0.3285046275768777,0.40646797615272495,0.07796334857584725,1,0.020461572650927122
IC,inet_5|MiX/B/16,0.5,12,1.32010582010582,continuous_cert_3.0x,0.36355078664350926,0.002610747485641829,0.297937821329068,0.42916375195795053,0.13122593062888255,1,0.020461572650927122
IC,inet_5|MiX/B/16,0.5,12,1.32010582010582,continuous_cert_4.0x,0.3605625408350283,0.00037749832283912044,0.26984572666123846,0.45127935500881816,0.1814336283475797,1,0.020461572650927122
IC,inet_5|MiX/B/16,0.5,12,1.32010582010582,one_power,0.3557627451817762,0.005177293976091235,nan,nan,,,0.020461572650927122
IC,inet_5|MiX/B/16,0.5,12,1.32010582010582,two_power,0.35576274738196145,0.005177291775905979,nan,nan,,,0.020461572650927122
IC,inet_5|MiX/B/16,0.5,12,1.32010582010582,one_power_bootstrap,0.3557627451817762,0.005177293976091235,0.3509719797369602,0.36284127830332774,0.011869298566367537,1,0.020461572650927122
IC,inet_5|MiX/B/16,0.7,17,1.1645274212368728,continuous_cert_1.0x,0.364415560454375,0.0034755212965075777,0.36053949622063486,0.36829162468811516,0.0077521284674803015,1,0.020461572650933468
IC,inet_5|MiX/B/16,0.7,17,1.1645274212368728,continuous_cert_2.0x,0.3674863018647989,0.006546262706931483,0.3285046275768588,0.40646797615273905,0.07796334857588028,1,0.020461572650933468
IC,inet_5|MiX/B/16,0.7,17,1.1645274212368728,continuous_cert_3.0x,0.3635507866435057,0.002610747485638276,0.2979378213290398,0.4291637519579717,0.1312259306289319,1,0.020461572650933468
IC,inet_5|MiX/B/16,0.7,17,1.1645274212368728,continuous_cert_4.0x,0.3623392174333776,0.0013991782755101712,0.2733990798579103,0.4512793550088449,0.17788027515093463,1,0.020461572650933468
IC,inet_5|MiX/B/16,0.7,17,1.1645274212368728,one_power,0.3570379341198987,0.0039021050379687283,nan,nan,,,0.020461572650933468
IC,inet_5|MiX/B/16,0.7,17,1.1645274212368728,two_power,0.35703793361367325,0.0039021055441941788,nan,nan,,,0.020461572650933468
IC,inet_5|MiX/B/16,0.7,17,1.1645274212368728,one_power_bootstrap,0.3570379341198987,0.0039021050379687283,0.35344726934028886,0.3619852871566799,0.00853801781639102,1,0.020461572650933468
IC,inet_5|MiX/B/16,0.85,20,1.0883315158124318,continuous_cert_1.0x,0.36441556045452356,0.0034755212966561255,0.3605394962205094,0.3682916246885377,0.007752128468028308,1,0.02046157265100006
IC,inet_5|MiX/B/16,0.85,20,1.0883315158124318,continuous_cert_2.0x,0.36748630186477327,0.0065462627069058366,0.32850462757665977,0.40646797615288677,0.077963348576227,1,0.02046157265100006
IC,inet_5|MiX/B/16,0.85,20,1.0883315158124318,continuous_cert_3.0x,0.36353608962222395,0.002596050464356514,0.29793782132874136,0.4291343579157066,0.13119653658696523,1,0.02046157265100006
IC,inet_5|MiX/B/16,0.85,20,1.0883315158124318,continuous_cert_4.0x,0.36340979391111405,0.0024697547532466224,0.27648685020414054,0.4503327376180876,0.17384588741394708,1,0.02046157265100006
IC,inet_5|MiX/B/16,0.85,20,1.0883315158124318,one_power,0.3577894126552802,0.0031506265025872393,nan,nan,,,0.02046157265100006
IC,inet_5|MiX/B/16,0.85,20,1.0883315158124318,two_power,0.3577894095862383,0.003150629571629149,nan,nan,,,0.02046157265100006
IC,inet_5|MiX/B/16,0.85,20,1.0883315158124318,one_power_bootstrap,0.3577894126552802,0.0031506265025872393,0.3559401611349454,0.361828873292832,0.005888712157886555,1,0.02046157265100006
