family,repetition,method,target_truth,estimate,absolute_error,lower,upper,width,covered,false_confident,confidence_width_threshold
single_power,0,one_power_bootstrap,0.2000751780850441,0.19998472312067608,9.04549643680197e-05,0.1979685511053876,0.20168861055950651,0.003720059454118907,1,0,0.013959778619936393
single_power,0,one_power_laplace,0.2000751780850441,0.1999832565951289,9.192148991521432e-05,0.1978491468726528,0.20205080453260604,0.004201657659953256,1,0,0.013959778619936393
single_power,0,continuous_cert_broad,0.2000751780850441,0.16437721311443776,0.035697964970606344,0.12381071995100147,0.20494370627787403,0.08113298632687256,1,0,0.013959778619936393
single_power,0,continuous_cert_narrow,0.2000751780850441,0.18556194731562373,0.014513230769420377,0.1661709889984185,0.20495290563282895,0.03878191663441044,1,0,0.013959778619936393
single_power,0,two_power_point,0.2000751780850441,0.18627126076376757,0.013803917321276532,nan,nan,nan,,0,0.013959778619936393
single_power,1,one_power_bootstrap,0.2000751780850441,0.19889210515446806,0.0011830729305760401,0.19712073656088228,0.2000645004047927,0.0029437638439104297,0,1,0.013959778619936393
single_power,1,one_power_laplace,0.2000751780850441,0.19889077655349416,0.0011844015315499445,0.19661717470345116,0.2010922130747786,0.004475038371327428,1,0,0.013959778619936393
single_power,1,continuous_cert_broad,0.2000751780850441,0.16953008043657466,0.030545097648469438,0.13386723588272584,0.2051929249904235,0.07132568910769765,1,0,0.013959778619936393
single_power,1,continuous_cert_narrow,0.2000751780850441,0.18741502066765672,0.01266015741738738,0.16963071909851168,0.20519932223680176,0.03556860313829008,1,0,0.013959778619936393
single_power,1,two_power_point,0.2000751780850441,0.19889210516762612,0.0011830729174179822,nan,nan,nan,,0,0.013959778619936393
single_power,2,one_power_bootstrap,0.2000751780850441,0.19799547916259969,0.0020796989224444173,0.19613699354160022,0.19970478672239944,0.0035677931807992225,0,1,0.013959778619936393
single_power,2,one_power_laplace,0.2000751780850441,0.19799423483114972,0.0020809432538943795,0.19562400908241775,0.20015535750190086,0.0045313484194831055,1,0,0.013959778619936393
single_power,2,continuous_cert_broad,0.2000751780850441,0.16633468340473184,0.03374049468031226,0.1309766265717849,0.2016927402376788,0.07071611366589389,1,0,0.013959778619936393
single_power,2,continuous_cert_narrow,0.2000751780850441,0.18529560499703926,0.014779573088004844,0.16889544481668473,0.2016957651773938,0.03280032036070907,1,0,0.013959778619936393
single_power,2,two_power_point,0.2000751780850441,0.19644838697898792,0.003626791106056182,nan,nan,nan,,0,0.013959778619936393
single_power,3,one_power_bootstrap,0.2000751780850441,0.19967909802601203,0.0003960800590320779,0.19841460023960347,0.2015069586529569,0.0030923584133534243,1,0,0.013959778619936393
single_power,3,one_power_laplace,0.2000751780850441,0.19967776867693002,0.00039740940811408554,0.19758617007381496,0.20185440273406596,0.0042682326602510035,1,0,0.013959778619936393
single_power,3,continuous_cert_broad,0.2000751780850441,0.16430031745210893,0.03577486063293517,0.1238264671752798,0.20477416772893806,0.08094770055365826,1,0,0.013959778619936393
single_power,3,continuous_cert_narrow,0.2000751780850441,0.18551358680801966,0.014561591277024444,0.16620732637483937,0.20481984724119995,0.03861252086636058,1,0,0.013959778619936393
single_power,3,two_power_point,0.2000751780850441,0.19967909809986348,0.00039607998518062515,nan,nan,nan,,0,0.013959778619936393
single_power,4,one_power_bootstrap,0.2000751780850441,0.19867804870032565,0.0013971293847184485,0.19515730931925748,0.2003780256484084,0.005220716329150915,1,0,0.013959778619936393
single_power,4,one_power_laplace,0.2000751780850441,0.19867687803440282,0.001398300050641288,0.19644320656348468,0.2008041345032247,0.0043609279397400225,1,0,0.013959778619936393
single_power,4,continuous_cert_broad,0.2000751780850441,0.1662341005451533,0.033841077539890796,0.12995792044561763,0.20251028064468898,0.07255236019907135,1,0,0.013959778619936393
single_power,4,continuous_cert_narrow,0.2000751780850441,0.18688320525386432,0.013191972831179788,0.17128581525721914,0.20248059525050952,0.031194779993290372,1,0,0.013959778619936393
single_power,4,two_power_point,0.2000751780850441,0.1986780499075832,0.0013971281774609046,nan,nan,nan,,0,0.013959778619936393
single_power,5,one_power_bootstrap,0.2000751780850441,0.19973217911070765,0.0003429989743364559,0.19806174891375894,0.20184055929487274,0.0037788103811138007,1,0,0.013959778619936393
single_power,5,one_power_laplace,0.2000751780850441,0.19973071681120452,0.00034446127383958025,0.19772710693916848,0.20181873805235612,0.004091631113187638,1,0,0.013959778619936393
single_power,5,continuous_cert_broad,0.2000751780850441,0.1636650771507389,0.03641010093430519,0.12145804724885721,0.2058721070526206,0.08441405980376339,1,0,0.013959778619936393
single_power,5,continuous_cert_narrow,0.2000751780850441,0.18496397212218324,0.015111205962860863,0.16405537253110833,0.20587257171325815,0.04181719918214982,1,0,0.013959778619936393
single_power,5,two_power_point,0.2000751780850441,0.19746704024138786,0.0026081378436562386,nan,nan,nan,,0,0.013959778619936393
single_power,6,one_power_bootstrap,0.2000751780850441,0.2012023415868609,0.001127163501816797,0.19919472772204982,0.204003324580084,0.00480859685803417,1,0,0.013959778619936393
single_power,6,one_power_laplace,0.2000751780850441,0.20120081308636234,0.001125635001318237,0.19918273765090003,0.20326723789834614,0.00408450024744611,1,0,0.013959778619936393
single_power,6,continuous_cert_broad,0.2000751780850441,0.172452772599864,0.027622405485180107,0.13811478535375718,0.2067907598459708,0.06867597449221363,1,0,0.013959778619936393
single_power,6,continuous_cert_narrow,0.2000751780850441,0.1897018114236051,0.01037336666143901,0.1725973973036238,0.2068062255435864,0.0342088282399626,1,0,0.013959778619936393
single_power,6,two_power_point,0.2000751780850441,0.2012023417381378,0.0011271636530937046,nan,nan,nan,,0,0.013959778619936393
single_power,7,one_power_bootstrap,0.2000751780850441,0.1984943444166773,0.00158083366836681,0.19638780764244668,0.19960065083962283,0.0032128431971761573,0,1,0.013959778619936393
single_power,7,one_power_laplace,0.2000751780850441,0.19849310228579575,0.0015820757992483503,0.1963743064706509,0.20067391028112144,0.004299603810470537,1,0,0.013959778619936393
single_power,7,continuous_cert_broad,0.2000751780850441,0.16851683317339788,0.03155834491164622,0.13273074851994854,0.2043029178268472,0.07157216930689866,1,0,0.013959778619936393
single_power,7,continuous_cert_narrow,0.2000751780850441,0.18654260430072128,0.013532573784322821,0.16874705148855246,0.20433815711289008,0.03559110562433762,1,0,0.013959778619936393
single_power,7,two_power_point,0.2000751780850441,0.19849434448788786,0.0015808335971562448,nan,nan,nan,,0,0.013959778619936393
single_power,8,one_power_bootstrap,0.2000751780850441,0.20036352878068647,0.0002883506956423698,0.19872438091490205,0.20224063037862838,0.003516249463726334,1,0,0.013959778619936393
single_power,8,one_power_laplace,0.2000751780850441,0.20036209094590238,0.00028691286085827383,0.19816088000143833,0.20248558382865672,0.00432470382721839,1,0,0.013959778619936393
single_power,8,continuous_cert_broad,0.2000751780850441,0.16728658343117825,0.032788594653865855,0.12863880938979716,0.2059343574725593,0.07729554808276215,1,0,0.013959778619936393
single_power,8,continuous_cert_narrow,0.2000751780850441,0.1873613332668398,0.012713844818204312,0.16878667636111225,0.20593599017256733,0.03714931381145509,1,0,0.013959778619936393
single_power,8,two_power_point,0.2000751780850441,0.2002297891594925,0.00015461107444839084,nan,nan,nan,,0,0.013959778619936393
single_power,9,one_power_bootstrap,0.2000751780850441,0.20173278383847432,0.0016576057534302135,0.200382157974027,0.20339612519756176,0.0030139672235347525,0,1,0.013959778619936393
single_power,9,one_power_laplace,0.2000751780850441,0.20173128575229318,0.0016561076672490793,0.19982101152139745,0.20364923968593504,0.003828228164537595,1,0,0.013959778619936393
single_power,9,continuous_cert_broad,0.2000751780850441,0.18047854936282132,0.019596628722222786,0.1539125948593458,0.20704450386629686,0.053131909006951056,1,0,0.013959778619936393
single_power,9,continuous_cert_narrow,0.2000751780850441,0.19320382619980325,0.006871351885240851,0.17938498414156787,0.2070226682580386,0.027637684116470745,1,0,0.013959778619936393
single_power,9,two_power_point,0.2000751780850441,0.20173278398901195,0.0016576059039678515,nan,nan,nan,,0,0.013959778619936393
single_power,10,one_power_bootstrap,0.2000751780850441,0.1999006422696623,0.0001745358153817933,0.19745660485191904,0.20125647227293944,0.0037998674210203975,1,0,0.013959778619936393
single_power,10,one_power_laplace,0.2000751780850441,0.19989913907398346,0.00017603901106064135,0.19780715284577285,0.2019612417544464,0.004154088908673553,1,0,0.013959778619936393
single_power,10,continuous_cert_broad,0.2000751780850441,0.16163929335330313,0.03843588473174098,0.11855357984507786,0.20472500686152836,0.0861714270164505,1,0,0.013959778619936393
single_power,10,continuous_cert_narrow,0.2000751780850441,0.18343159280865845,0.016643585276385653,0.16215203733999858,0.20471114827731832,0.04255911093731973,1,0,0.013959778619936393
single_power,10,two_power_point,0.2000751780850441,0.17498733557941198,0.02508784250563212,nan,nan,nan,,0,0.013959778619936393
single_power,11,one_power_bootstrap,0.2000751780850441,0.20010420020272557,2.9022117681465343e-05,0.19823009758911603,0.20140598133095552,0.003175883741839497,1,0,0.013959778619936393
single_power,11,one_power_laplace,0.2000751780850441,0.20010278093333037,2.760284828626225e-05,0.19804284930107147,0.20217349621744196,0.004130646916370495,1,0,0.013959778619936393
single_power,11,continuous_cert_broad,0.2000751780850441,0.1615890212716144,0.038486156813429706,0.11767309984577726,0.20550494269745156,0.08783184285167431,1,0,0.013959778619936393
single_power,11,continuous_cert_narrow,0.2000751780850441,0.1839906571939895,0.01608452089105461,0.1624800406091732,0.20550127377880578,0.04302123316963258,1,0,0.013959778619936393
single_power,11,two_power_point,0.2000751780850441,0.19780285662016506,0.0022723214648790457,nan,nan,nan,,0,0.013959778619936393
single_power,12,one_power_bootstrap,0.2000751780850441,0.20199030813021004,0.0019151300451659414,0.20090216237365413,0.20352810832151955,0.0026259459478654157,0,1,0.013959778619936393
single_power,12,one_power_laplace,0.2000751780850441,0.20198879422315866,0.0019136161381145544,0.19999276852754425,0.2040195514955586,0.004026782968014342,1,0,0.013959778619936393
single_power,12,continuous_cert_broad,0.2000751780850441,0.16862812012742895,0.031447057957615154,0.13008191282132978,0.20717432743352815,0.07709241461219837,1,0,0.013959778619936393
single_power,12,continuous_cert_narrow,0.2000751780850441,0.18818547707460123,0.011889701010442871,0.1692356479413606,0.20713530620784187,0.037899658266481284,1,0,0.013959778619936393
single_power,12,two_power_point,0.2000751780850441,0.1931338176636501,0.0069413604213940105,nan,nan,nan,,0,0.013959778619936393
single_power,13,one_power_bootstrap,0.2000751780850441,0.2007437439945373,0.0006685659094931851,0.1985918400217287,0.2020492606358129,0.0034574206140842167,1,0,0.013959778619936393
single_power,13,one_power_laplace,0.2000751780850441,0.20074221865966055,0.0006670405746164454,0.1988149345866373,0.20285444500960428,0.004039510422966991,1,0,0.013959778619936393
single_power,13,continuous_cert_broad,0.2000751780850441,0.16488311285551066,0.03519206522953344,0.12337239803868626,0.20639382767233505,0.0830214296336488,1,0,0.013959778619936393
single_power,13,continuous_cert_narrow,0.2000751780850441,0.1860546448749445,0.014020533210099606,0.16570722740625662,0.2064020623436324,0.04069483493737577,1,0,0.013959778619936393
single_power,13,two_power_point,0.2000751780850441,0.19699863460385997,0.0030765434811841352,nan,nan,nan,,0,0.013959778619936393
single_power,14,one_power_bootstrap,0.2000751780850441,0.20189375485176464,0.0018185767667205366,0.2008514169226486,0.20397709287832,0.0031256759556713976,0,1,0.013959778619936393
single_power,14,one_power_laplace,0.2000751780850441,0.20189223400939132,0.0018170559243472217,0.19999795985962865,0.20386001895259803,0.003862059092969383,1,0,0.013959778619936393
single_power,14,continuous_cert_broad,0.2000751780850441,0.16647465454956092,0.03360052353548318,0.12630742070334272,0.20664188839577913,0.0803344676924364,1,0,0.013959778619936393
single_power,14,continuous_cert_narrow,0.2000751780850441,0.18745277999652135,0.012622398088522752,0.16826368145700096,0.20664187853604174,0.03837819707904078,1,0,0.013959778619936393
single_power,14,two_power_point,0.2000751780850441,0.20023772838011236,0.0001625502950682589,nan,nan,nan,,0,0.013959778619936393
single_power,15,one_power_bootstrap,0.2000751780850441,0.1988917955091279,0.0011833825759162142,0.19655896447417168,0.2009527842900853,0.0043938198159136355,1,0,0.013959778619936393
single_power,15,one_power_laplace,0.2000751780850441,0.1988904434127642,0.0011847346722798913,0.19677435471527363,0.20112539864636628,0.004351043931092646,1,0,0.013959778619936393
single_power,15,continuous_cert_broad,0.2000751780850441,0.1706602735632472,0.029414904521796903,0.1363290778835169,0.2049914692429775,0.06866239135946062,1,0,0.013959778619936393
single_power,15,continuous_cert_narrow,0.2000751780850441,0.18811354585634793,0.011961632228696173,0.17123972731282464,0.2049873643998712,0.03374763708704656,1,0,0.013959778619936393
single_power,15,two_power_point,0.2000751780850441,0.19802809053503206,0.002047087550012039,nan,nan,nan,,0,0.013959778619936393
single_power,16,one_power_bootstrap,0.2000751780850441,0.2021755187977781,0.002100340712733989,0.1995296133364357,0.2037058076230811,0.004176194286645396,1,0,0.013959778619936393
single_power,16,one_power_laplace,0.2000751780850441,0.20217393244480109,0.0020987543597569824,0.20012703633052895,0.2040624361371622,0.003935399806633266,0,1,0.013959778619936393
single_power,16,continuous_cert_broad,0.2000751780850441,0.16690182354083777,0.033173354544206335,0.12695747543310731,0.20684617164856825,0.07988869621546094,1,0,0.013959778619936393
single_power,16,continuous_cert_narrow,0.2000751780850441,0.18808389844685686,0.011991279638187247,0.16932382465398374,0.20684397223973,0.03752014758574626,1,0,0.013959778619936393
single_power,16,two_power_point,0.2000751780850441,0.19482042649959,0.005254751585454104,nan,nan,nan,,0,0.013959778619936393
single_power,17,one_power_bootstrap,0.2000751780850441,0.20075802550810104,0.000682847423056937,0.19888041482596674,0.20334124750778454,0.004460832681817795,1,0,0.013959778619936393
single_power,17,one_power_laplace,0.2000751780850441,0.20075660678107382,0.0006814286960297178,0.19868429869468354,0.2029593764987495,0.004275077804065969,1,0,0.013959778619936393
single_power,17,continuous_cert_broad,0.2000751780850441,0.17461238648172772,0.02546279160331638,0.14361733250896155,0.20560744045449392,0.06199010794553236,1,0,0.013959778619936393
single_power,17,continuous_cert_narrow,0.2000751780850441,0.1899218623588571,0.010153315726186996,0.17417763309336456,0.20566609162434968,0.031488458530985114,1,0,0.013959778619936393
single_power,17,two_power_point,0.2000751780850441,0.20075802560308492,0.0006828475180408189,nan,nan,nan,,0,0.013959778619936393
single_power,18,one_power_bootstrap,0.2000751780850441,0.20070114833131333,0.0006259702462692307,0.19957429408981922,0.20254837035981926,0.0029740762700000423,1,0,0.013959778619936393
single_power,18,one_power_laplace,0.2000751780850441,0.200699746611063,0.0006245685260188871,0.19851344292687476,0.20284861709252708,0.004335174165652322,1,0,0.013959778619936393
single_power,18,continuous_cert_broad,0.2000751780850441,0.16615691214124018,0.03391826594380393,0.12599343425990123,0.2063203900225791,0.08032695576267787,1,0,0.013959778619936393
single_power,18,continuous_cert_narrow,0.2000751780850441,0.1870942453265439,0.012980932758500208,0.16786351081833278,0.20632497983475503,0.03846146901642225,1,0,0.013959778619936393
single_power,18,two_power_point,0.2000751780850441,0.20070114832886038,0.0006259702438162762,nan,nan,nan,,0,0.013959778619936393
single_power,19,one_power_bootstrap,0.2000751780850441,0.20000233015613558,7.284792890852043e-05,0.19810457332268933,0.20138328702915484,0.0032787137064655136,1,0,0.013959778619936393
single_power,19,one_power_laplace,0.2000751780850441,0.20000085692874123,7.432115630287561e-05,0.19814690280426372,0.20227503185464643,0.004128129050382706,1,0,0.013959778619936393
single_power,19,continuous_cert_broad,0.2000751780850441,0.17182936155861056,0.028245816526433543,0.14007325073027932,0.20358547238694183,0.06351222165666251,1,0,0.013959778619936393
single_power,19,continuous_cert_narrow,0.2000751780850441,0.18894522387711182,0.01112995420793228,0.17427689280928027,0.2036135549449434,0.029336662135663133,1,0,0.013959778619936393
single_power,19,two_power_point,0.2000751780850441,0.19492327571911972,0.005151902365924388,nan,nan,nan,,0,0.013959778619936393
single_power,20,one_power_bootstrap,0.2000751780850441,0.20075824553454658,0.0006830674495024724,0.19788437882947718,0.20239323652334346,0.004508857693866275,1,0,0.013959778619936393
single_power,20,one_power_laplace,0.2000751780850441,0.2007567680844035,0.0006815899993593832,0.19868296768924992,0.20268669795721433,0.0040037302679644116,1,0,0.013959778619936393
single_power,20,continuous_cert_broad,0.2000751780850441,0.16777227291295843,0.03230290517208567,0.13019186043608239,0.20535268538983448,0.07516082495375209,1,0,0.013959778619936393
single_power,20,continuous_cert_narrow,0.2000751780850441,0.1867952090029062,0.01327996908213791,0.1682170173624518,0.20537340064336063,0.03715638328090884,1,0,0.013959778619936393
single_power,20,two_power_point,0.2000751780850441,0.20075824555511806,0.0006830674700739614,nan,nan,nan,,0,0.013959778619936393
single_power,21,one_power_bootstrap,0.2000751780850441,0.19966971364526834,0.00040546443977576563,0.198068559887048,0.20122832787443887,0.0031597679873908713,1,0,0.013959778619936393
single_power,21,one_power_laplace,0.2000751780850441,0.199668372963126,0.0004068051219180968,0.19765072049073965,0.20175976010605315,0.004109039615313503,1,0,0.013959778619936393
single_power,21,continuous_cert_broad,0.2000751780850441,0.1683318743986005,0.0317433036864436,0.1308293729559409,0.2058343758412601,0.0750050028853192,1,0,0.013959778619936393
single_power,21,continuous_cert_narrow,0.2000751780850441,0.1873414438391221,0.012733734245922002,0.16883583346289574,0.2058470542153485,0.03701122075245275,1,0,0.013959778619936393
single_power,21,two_power_point,0.2000751780850441,0.19966971365143943,0.0004054644336046742,nan,nan,nan,,0,0.013959778619936393
single_power,22,one_power_bootstrap,0.2000751780850441,0.20151326009930645,0.0014380820142623485,0.2000540384083799,0.20347927272223196,0.0034252343138520547,1,0,0.013959778619936393
single_power,22,one_power_laplace,0.2000751780850441,0.20151180694078302,0.0014366288557389195,0.19943192115383926,0.2035246160431452,0.004092694889305942,1,0,0.013959778619936393
single_power,22,continuous_cert_broad,0.2000751780850441,0.17594495062583787,0.024130227459206233,0.14666491938962128,0.20522498186205448,0.0585600624724332,1,0,0.013959778619936393
single_power,22,continuous_cert_narrow,0.2000751780850441,0.1909902158498218,0.009084962235222316,0.1767038437559917,0.20527658794365186,0.02857274418766015,1,0,0.013959778619936393
single_power,22,two_power_point,0.2000751780850441,0.2015132599827685,0.0014380818977244025,nan,nan,nan,,0,0.013959778619936393
single_power,23,one_power_bootstrap,0.2000751780850441,0.2004071206370119,0.00033194255196780653,0.19902506993878474,0.20281731931129085,0.003792249372506107,1,0,0.013959778619936393
single_power,23,one_power_laplace,0.2000751780850441,0.2004056894616793,0.0003305113766352008,0.19821187451716732,0.2024282599111561,0.004216385393988775,1,0,0.013959778619936393
single_power,23,continuous_cert_broad,0.2000751780850441,0.17260031817133767,0.027474859913706434,0.1391409949075245,0.20605964143515085,0.06691864652762636,1,0,0.013959778619936393
single_power,23,continuous_cert_narrow,0.2000751780850441,0.18922423789023798,0.010850940194806119,0.17241553100150578,0.2060329447789702,0.03361741377746441,1,0,0.013959778619936393
single_power,23,two_power_point,0.2000751780850441,0.200407120704805,0.00033194261976088324,nan,nan,nan,,0,0.013959778619936393
single_power,24,one_power_bootstrap,0.2000751780850441,0.19818915703326748,0.0018860210517766263,0.19647230389454434,0.19956152087393453,0.003089216979390186,0,1,0.013959778619936393
single_power,24,one_power_laplace,0.2000751780850441,0.19818784357722247,0.0018873345078216364,0.19608564638683343,0.20028199293244262,0.004196346545609186,1,0,0.013959778619936393
single_power,24,continuous_cert_broad,0.2000751780850441,0.1614974951671281,0.038577682917915995,0.11892485496287819,0.20407013537137803,0.08514528040849983,1,0,0.013959778619936393
single_power,24,continuous_cert_narrow,0.2000751780850441,0.1831246468011332,0.016950531283910913,0.16215238582557054,0.20409690777669584,0.0419445219511253,1,0,0.013959778619936393
single_power,24,two_power_point,0.2000751780850441,0.1963773586275558,0.003697819457488316,nan,nan,nan,,0,0.013959778619936393
single_power,25,one_power_bootstrap,0.2000751780850441,0.2010774419083873,0.0010022638233432024,0.1988322472049367,0.20337598508735472,0.00454373788241802,1,0,0.013959778619936393
single_power,25,one_power_laplace,0.2000751780850441,0.20107599788309297,0.0010008197980488631,0.19878632718461473,0.20331932422480903,0.004532997040194303,1,0,0.013959778619936393
single_power,25,continuous_cert_broad,0.2000751780850441,0.1656061608416997,0.03446901724334439,0.12531697378610965,0.2058953478972898,0.08057837411118016,1,0,0.013959778619936393
single_power,25,continuous_cert_narrow,0.2000751780850441,0.18671469004178515,0.013360488043258956,0.16749329047793776,0.20593608960563253,0.03844279912769477,1,0,0.013959778619936393
single_power,25,two_power_point,0.2000751780850441,0.19961871390134614,0.00045646418369796327,nan,nan,nan,,0,0.013959778619936393
single_power,26,one_power_bootstrap,0.2000751780850441,0.20149653283615,0.0014213547511058855,0.19937036259155055,0.20269528753556715,0.003324924944016594,1,0,0.013959778619936393
single_power,26,one_power_laplace,0.2000751780850441,0.20149499475047972,0.0014198166654356137,0.19948327767109097,0.20353181617648058,0.0040485385053896095,1,0,0.013959778619936393
single_power,26,continuous_cert_broad,0.2000751780850441,0.16837958500604283,0.03169559307900127,0.1296317557662011,0.20712741424588454,0.07749565847968345,1,0,0.013959778619936393
single_power,26,continuous_cert_narrow,0.2000751780850441,0.1883216480260262,0.011753530059017914,0.16951167804251263,0.20713161800953975,0.037619939967027116,1,0,0.013959778619936393
single_power,26,two_power_point,0.2000751780850441,0.20019115771471763,0.00011597962967352382,nan,nan,nan,,0,0.013959778619936393
single_power,27,one_power_bootstrap,0.2000751780850441,0.19844810660129708,0.0016270714837470224,0.19692230796885868,0.20025267717554002,0.0033303692066813384,1,0,0.013959778619936393
single_power,27,one_power_laplace,0.2000751780850441,0.19844681116817653,0.001628366916867574,0.19641405071231147,0.20063965057004518,0.004225599857733714,1,0,0.013959778619936393
single_power,27,continuous_cert_broad,0.2000751780850441,0.1653409098677378,0.0347342682173063,0.1273411182790107,0.20334070145646493,0.07599958317745423,1,0,0.013959778619936393
single_power,27,continuous_cert_narrow,0.2000751780850441,0.18491327033222443,0.01516190775281967,0.16646096810026065,0.2033655725641882,0.03690460446392754,1,0,0.013959778619936393
single_power,27,two_power_point,0.2000751780850441,0.19700111927139483,0.0030740588136492775,nan,nan,nan,,0,0.013959778619936393
single_power,28,one_power_bootstrap,0.2000751780850441,0.2011598964296232,0.0010847183445790998,0.19978668700504607,0.20255519084636708,0.0027685038413210183,1,0,0.013959778619936393
single_power,28,one_power_laplace,0.2000751780850441,0.2011584347572584,0.001083256672214289,0.19919392558473964,0.20334931874488418,0.004155393160144544,1,0,0.013959778619936393
single_power,28,continuous_cert_broad,0.2000751780850441,0.17846766865153654,0.02160750943350756,0.15196837770497068,0.2049669595981024,0.052998581893131724,1,0,0.013959778619936393
single_power,28,continuous_cert_narrow,0.2000751780850441,0.1918534984755323,0.008221679609511812,0.17869961169213344,0.2050073852589311,0.02630777356679767,1,0,0.013959778619936393
single_power,28,two_power_point,0.2000751780850441,0.20096203514153746,0.0008868570564933564,nan,nan,nan,,0,0.013959778619936393
single_power,29,one_power_bootstrap,0.2000751780850441,0.2010197850210718,0.0009446069360276865,0.199500537583029,0.202358703452185,0.0028581658691560208,1,0,0.013959778619936393
single_power,29,one_power_laplace,0.2000751780850441,0.20101829192601786,0.0009431138409737583,0.19900372065700647,0.2030840767858589,0.004080356128852436,1,0,0.013959778619936393
single_power,29,continuous_cert_broad,0.2000751780850441,0.1761011066772581,0.023974071407786013,0.14778755274841224,0.20441466060610394,0.056627107857691705,1,0,0.013959778619936393
single_power,29,continuous_cert_narrow,0.2000751780850441,0.19082005446962766,0.009255123615416444,0.17722346578210885,0.20441664315714647,0.027193177375037625,1,0,0.013959778619936393
single_power,29,two_power_point,0.2000751780850441,0.19985012119697868,0.000225056888065428,nan,nan,nan,,0,0.013959778619936393
hidden_crossover,0,one_power_bootstrap,0.20007773393273398,0.20023516730784824,0.0001574333751142576,0.19908400086030523,0.20150666905034867,0.002422668190043442,1,0,0.01470227316721243
hidden_crossover,0,one_power_laplace,0.20007773393273398,0.20023345451438285,0.00015572058164886604,0.1989828780438569,0.20148947749292462,0.0025065994490677257,1,0,0.01470227316721243
hidden_crossover,0,continuous_cert_broad,0.20007773393273398,0.1772592017727679,0.02281853215996607,0.15105927420052284,0.20345912934501298,0.05239985514449014,1,0,0.01470227316721243
hidden_crossover,0,continuous_cert_narrow,0.20007773393273398,0.1897833746964169,0.01029435923631708,0.1761095023259622,0.2034572470668716,0.027347744740909397,1,0,0.01470227316721243
hidden_crossover,0,two_power_point,0.20007773393273398,0.19827364507887765,0.0018040888538563282,nan,nan,nan,,0,0.01470227316721243
hidden_crossover,1,one_power_bootstrap,0.20007773393273398,0.19920130601637884,0.0008764279163551436,0.19839879045530392,0.20008425773342975,0.001685467278125824,1,0,0.01470227316721243
hidden_crossover,1,one_power_laplace,0.20007773393273398,0.1991995660447034,0.0008781678880305788,0.1979661739022332,0.2004519034315523,0.0024857295293191084,1,0,0.01470227316721243
hidden_crossover,1,continuous_cert_broad,0.20007773393273398,0.1716641317466765,0.028413602186057485,0.14189231833795743,0.20143594515539556,0.05954362681743813,1,0,0.01470227316721243
hidden_crossover,1,continuous_cert_narrow,0.20007773393273398,0.18614988183443654,0.013927852098297444,0.17085194110427682,0.20144782256459623,0.030595881460319413,1,0,0.01470227316721243
hidden_crossover,1,two_power_point,0.20007773393273398,0.19819629973843828,0.0018814341942957058,nan,nan,nan,,0,0.01470227316721243
hidden_crossover,2,one_power_bootstrap,0.20007773393273398,0.2009450872804135,0.0008673533476795114,0.19977588538856833,0.20192958352655455,0.0021536981379862152,1,0,0.01470227316721243
hidden_crossover,2,one_power_laplace,0.20007773393273398,0.20094335725859633,0.0008656233258623469,0.19973110333390384,0.20214310786088077,0.0024120045269769297,1,0,0.01470227316721243
hidden_crossover,2,continuous_cert_broad,0.20007773393273398,0.18041961768303566,0.01965811624969832,0.15668221126568024,0.20415702410039105,0.047474812834710806,1,0,0.01470227316721243
hidden_crossover,2,continuous_cert_narrow,0.20007773393273398,0.1918818726499827,0.008195861282751293,0.17961561574082516,0.20414812955914025,0.024532513818315088,1,0,0.01470227316721243
hidden_crossover,2,two_power_point,0.20007773393273398,0.20094508742919331,0.0008673534964593332,nan,nan,nan,,0,0.01470227316721243
hidden_crossover,3,one_power_bootstrap,0.20007773393273398,0.20029339003257776,0.00021565609984378065,0.1987233761050979,0.20059500704674688,0.0018716309416489663,1,0,0.01470227316721243
hidden_crossover,3,one_power_laplace,0.20007773393273398,0.2002917096119274,0.00021397567919342886,0.19912405966436636,0.20142483136477435,0.0023007717004079886,1,0,0.01470227316721243
hidden_crossover,3,continuous_cert_broad,0.20007773393273398,0.185425427822846,0.014652306109887991,0.16844855263993566,0.2024023030057563,0.03395375036582063,1,0,0.01470227316721243
hidden_crossover,3,continuous_cert_narrow,0.20007773393273398,0.19363535641405244,0.006442377518681541,0.18488373726325918,0.2023869755648457,0.01750323830158651,1,0,0.01470227316721243
hidden_crossover,3,two_power_point,0.20007773393273398,0.20029338997474894,0.00021565604201495558,nan,nan,nan,,0,0.01470227316721243
hidden_crossover,4,one_power_bootstrap,0.20007773393273398,0.1999386359958346,0.00013909793689936834,0.1989563961968659,0.20106499255548269,0.0021085963586167933,1,0,0.01470227316721243
hidden_crossover,4,one_power_laplace,0.20007773393273398,0.1999369064082499,0.00014082752448407732,0.19858328619256252,0.20119631625692266,0.0026130300643601445,1,0,0.01470227316721243
hidden_crossover,4,continuous_cert_broad,0.20007773393273398,0.1789567342798815,0.021120999652852468,0.15499600421329582,0.20291746434646718,0.04792146013317136,1,0,0.01470227316721243
hidden_crossover,4,continuous_cert_narrow,0.20007773393273398,0.1904813336285976,0.009596400304136388,0.17805463175116515,0.20290803550603004,0.02485340375486489,1,0,0.01470227316721243
hidden_crossover,4,two_power_point,0.20007773393273398,0.199618095229077,0.00045963870365697823,nan,nan,nan,,0,0.01470227316721243
hidden_crossover,5,one_power_bootstrap,0.20007773393273398,0.20086717129918713,0.0007894373664531495,0.199703242336011,0.20202575177688356,0.002322509440872561,1,0,0.01470227316721243
hidden_crossover,5,one_power_laplace,0.20007773393273398,0.20086549086462457,0.000787756931890593,0.19954857895613504,0.2020659253618841,0.002517346405749077,1,0,0.01470227316721243
hidden_crossover,5,continuous_cert_broad,0.20007773393273398,0.18578677285802858,0.0142909610747054,0.16803584983062964,0.20353769588542756,0.03550184605479792,1,0,0.01470227316721243
hidden_crossover,5,continuous_cert_narrow,0.20007773393273398,0.1940371002119355,0.006040633720798494,0.18454560752474294,0.203528592899128,0.01898298537438506,1,0,0.01470227316721243
hidden_crossover,5,two_power_point,0.20007773393273398,0.2008671714615183,0.0007894375287843258,nan,nan,nan,,0,0.01470227316721243
hidden_crossover,6,one_power_bootstrap,0.20007773393273398,0.200705682242298,0.0006279483095640304,0.19979922312031057,0.20197223304709683,0.0021730099267862624,1,0,0.01470227316721243
hidden_crossover,6,one_power_laplace,0.20007773393273398,0.20070397622017522,0.0006262422874412366,0.1993855350074197,0.20188573420478528,0.002500199197365577,1,0,0.01470227316721243
hidden_crossover,6,continuous_cert_broad,0.20007773393273398,0.17994702519734188,0.020130708735392105,0.15630784248892915,0.2035862079057546,0.04727836541682545,1,0,0.01470227316721243
hidden_crossover,6,continuous_cert_narrow,0.20007773393273398,0.19164989117734593,0.008427842755388049,0.17970650531837462,0.20359327703631727,0.02388677171794265,1,0,0.01470227316721243
hidden_crossover,6,two_power_point,0.20007773393273398,0.19513514911246901,0.004942584820264967,nan,nan,nan,,0,0.01470227316721243
hidden_crossover,7,one_power_bootstrap,0.20007773393273398,0.2000204308007675,5.7303131966474075e-05,0.1992302309242287,0.2017953328624315,0.0025651019382028073,1,0,0.01470227316721243
hidden_crossover,7,one_power_laplace,0.20007773393273398,0.20001874124456018,5.899268817380343e-05,0.19879812933990565,0.20126992479086828,0.002471795450962627,1,0,0.01470227316721243
hidden_crossover,7,continuous_cert_broad,0.20007773393273398,0.18970565473715054,0.010372079195583445,0.1768252369363128,0.20258607253798827,0.02576083560167547,1,0,0.01470227316721243
hidden_crossover,7,continuous_cert_narrow,0.20007773393273398,0.19585919938763685,0.00421853454509713,0.18912818945526727,0.20259020932000646,0.013462019864739189,1,0,0.01470227316721243
hidden_crossover,7,two_power_point,0.20007773393273398,0.20002043101440173,5.730291833225265e-05,nan,nan,nan,,0,0.01470227316721243
hidden_crossover,8,one_power_bootstrap,0.20007773393273398,0.1989905922118093,0.0010871417209246947,0.19791830376116118,0.2002879983137013,0.0023696945525401303,1,0,0.01470227316721243
hidden_crossover,8,one_power_laplace,0.20007773393273398,0.19898889359407612,0.0010888403386578593,0.19764763403429944,0.20023245032893663,0.0025848162946371933,1,0,0.01470227316721243
hidden_crossover,8,continuous_cert_broad,0.20007773393273398,0.177869632032281,0.02220810190045297,0.1530289138907004,0.2027103501738616,0.04968143628316121,1,0,0.01470227316721243
hidden_crossover,8,continuous_cert_narrow,0.20007773393273398,0.18972490789379748,0.010352826038936502,0.17673844731626406,0.20271136847133087,0.025972921155066803,1,0,0.01470227316721243
hidden_crossover,8,two_power_point,0.20007773393273398,0.19893489422314944,0.0011428397095845366,nan,nan,nan,,0,0.01470227316721243
hidden_crossover,9,one_power_bootstrap,0.20007773393273398,0.1993691007027264,0.0007086332300075826,0.197470490412671,0.20076892441789065,0.003298434005219647,1,0,0.01470227316721243
hidden_crossover,9,one_power_laplace,0.20007773393273398,0.19936733297773032,0.0007104009550036594,0.19806918818563668,0.20062442538452202,0.0025552371988853406,1,0,0.01470227316721243
hidden_crossover,9,continuous_cert_broad,0.20007773393273398,0.1692335597097554,0.030844174222978582,0.13610080037542785,0.20236631904408292,0.06626551866865507,1,0,0.01470227316721243
hidden_crossover,9,continuous_cert_narrow,0.20007773393273398,0.1859464011562168,0.01413133277651718,0.16953661215946164,0.20235619015297193,0.03281957799351029,1,0,0.01470227316721243
hidden_crossover,9,two_power_point,0.20007773393273398,0.19033466381239514,0.009743070120338843,nan,nan,nan,,0,0.01470227316721243
hidden_crossover,10,one_power_bootstrap,0.20007773393273398,0.2024532764099048,0.002375542477170811,0.20183908698477265,0.20356521900542243,0.0017261320206497788,0,1,0.01470227316721243
hidden_crossover,10,one_power_laplace,0.20007773393273398,0.20245152155554616,0.002373787622812179,0.2012779610430821,0.20373437833157623,0.0024564172884941338,0,1,0.01470227316721243
hidden_crossover,10,continuous_cert_broad,0.20007773393273398,0.1816701365063198,0.01840759742641418,0.15796072510884734,0.2053795479037923,0.04741882279494494,1,0,0.01470227316721243
hidden_crossover,10,continuous_cert_narrow,0.20007773393273398,0.192931892223139,0.00714584170959498,0.18047172356196023,0.20539206088431777,0.024920337322357544,1,0,0.01470227316721243
hidden_crossover,10,two_power_point,0.20007773393273398,0.20245327645613548,0.002375542523401497,nan,nan,nan,,0,0.01470227316721243
hidden_crossover,11,one_power_bootstrap,0.20007773393273398,0.19963755930716592,0.0004401746255680572,0.19898020871784466,0.2009895116950381,0.002009302977193428,1,0,0.01470227316721243
hidden_crossover,11,one_power_laplace,0.20007773393273398,0.19963578240377103,0.00044195152896295276,0.1982879529079843,0.20100976204956433,0.002721809141580045,1,0,0.01470227316721243
hidden_crossover,11,continuous_cert_broad,0.20007773393273398,0.17159065667702827,0.028487077255705706,0.140725466516811,0.20245584683724557,0.06173038032043457,1,0,0.01470227316721243
hidden_crossover,11,continuous_cert_narrow,0.20007773393273398,0.18684697092001223,0.013230763012721747,0.17122947361670543,0.20246446822331904,0.03123499460661361,1,0,0.01470227316721243
hidden_crossover,11,two_power_point,0.20007773393273398,0.1845737594274172,0.015503974505316792,nan,nan,nan,,0,0.01470227316721243
hidden_crossover,12,one_power_bootstrap,0.20007773393273398,0.20033262410355973,0.00025489017082575005,0.19852130962398143,0.20130851290291069,0.0027872032789292567,1,0,0.01470227316721243
hidden_crossover,12,one_power_laplace,0.20007773393273398,0.2003309059445652,0.0002531720118312264,0.1990547648897188,0.20164839748228094,0.0025936325925621506,1,0,0.01470227316721243
hidden_crossover,12,continuous_cert_broad,0.20007773393273398,0.1801751674714056,0.019902566461328375,0.15694011299605762,0.20341022194675357,0.04647010895069595,1,0,0.01470227316721243
hidden_crossover,12,continuous_cert_narrow,0.20007773393273398,0.19101554850180152,0.009062185430932457,0.17861360311909058,0.2034174938845125,0.024803890765421915,1,0,0.01470227316721243
hidden_crossover,12,two_power_point,0.20007773393273398,0.19754879404537395,0.0025289398873600266,nan,nan,nan,,0,0.01470227316721243
hidden_crossover,13,one_power_bootstrap,0.20007773393273398,0.20126213454574848,0.0011844006130145024,0.20018894058377787,0.20271372282531702,0.002524782241539153,0,1,0.01470227316721243
hidden_crossover,13,one_power_laplace,0.20007773393273398,0.2012603969836629,0.0011826630509289282,0.20002147260124595,0.2025331396464555,0.0025116670452095535,1,0,0.01470227316721243
hidden_crossover,13,continuous_cert_broad,0.20007773393273398,0.17622998536276968,0.0238477485699643,0.1478969468536456,0.20456302387189376,0.05666607701824816,1,0,0.01470227316721243
hidden_crossover,13,continuous_cert_narrow,0.20007773393273398,0.19014145034806262,0.009936283584671357,0.17571954065462808,0.20456336004149714,0.028843819386869057,1,0,0.01470227316721243
hidden_crossover,13,two_power_point,0.20007773393273398,0.20072305044043529,0.0006453165077013046,nan,nan,nan,,0,0.01470227316721243
hidden_crossover,14,one_power_bootstrap,0.20007773393273398,0.199666608208891,0.00041112572384296997,0.19885257836056344,0.2009156442098758,0.0020630658493123455,1,0,0.01470227316721243
hidden_crossover,14,one_power_laplace,0.20007773393273398,0.19966487551617665,0.00041285841655733235,0.19839115502869772,0.20100190602621626,0.002610750997518535,1,0,0.01470227316721243
hidden_crossover,14,continuous_cert_broad,0.20007773393273398,0.17431905721971822,0.025758676713015766,0.1457850993169882,0.20285301512244824,0.05706791580546006,1,0,0.01470227316721243
hidden_crossover,14,continuous_cert_narrow,0.20007773393273398,0.18806629226040386,0.01201144167233012,0.173287113871213,0.2028454706495947,0.0295583567783817,1,0,0.01470227316721243
hidden_crossover,14,two_power_point,0.20007773393273398,0.19556062496466023,0.004517108968073752,nan,nan,nan,,0,0.01470227316721243
hidden_crossover,15,one_power_bootstrap,0.20007773393273398,0.20141784226057532,0.001340108327841344,0.20037463983362858,0.2022903858965596,0.0019157460629310175,0,1,0.01470227316721243
hidden_crossover,15,one_power_laplace,0.20007773393273398,0.2014161186357469,0.0013383847030129237,0.20015278444694032,0.20265820785525696,0.002505423408316637,0,1,0.01470227316721243
hidden_crossover,15,continuous_cert_broad,0.20007773393273398,0.18326562722100248,0.0168121067117315,0.16218217420513076,0.2043490802368742,0.042166906031743445,1,0,0.01470227316721243
hidden_crossover,15,continuous_cert_narrow,0.20007773393273398,0.1932832156505793,0.006794518282154688,0.1822076781373788,0.2043587531637798,0.022151075026401013,1,0,0.01470227316721243
hidden_crossover,15,two_power_point,0.20007773393273398,0.20141784218213798,0.001340108249404004,nan,nan,nan,,0,0.01470227316721243
hidden_crossover,16,one_power_bootstrap,0.20007773393273398,0.19936965171225374,0.0007080822204802439,0.19826881231303548,0.20061465124672664,0.002345838933691169,1,0,0.01470227316721243
hidden_crossover,16,one_power_laplace,0.20007773393273398,0.19936796529416673,0.0007097686385672541,0.1981468570016123,0.20065772505535356,0.002510868053741261,1,0,0.01470227316721243
hidden_crossover,16,continuous_cert_broad,0.20007773393273398,0.18780876531528767,0.012268968617446308,0.1743450327459693,0.20127249788460608,0.02692746513863678,1,0,0.01470227316721243
hidden_crossover,16,continuous_cert_narrow,0.20007773393273398,0.19423733742783422,0.005840396504899759,0.18720406902264897,0.2012706058330195,0.014066536810370539,1,0,0.01470227316721243
hidden_crossover,16,two_power_point,0.20007773393273398,0.19936965178420202,0.0007080821485319633,nan,nan,nan,,0,0.01470227316721243
hidden_crossover,17,one_power_bootstrap,0.20007773393273398,0.20182613109003011,0.0017483971572961332,0.20076589652261503,0.20263495375835613,0.0018690572357411006,0,1,0.01470227316721243
hidden_crossover,17,one_power_laplace,0.20007773393273398,0.20182443482809195,0.0017467008953579721,0.20049277188650802,0.20310883606151076,0.002616064175002736,0,1,0.01470227316721243
hidden_crossover,17,continuous_cert_broad,0.20007773393273398,0.18359113573438765,0.01648659819834633,0.1626687821533599,0.2045134893154154,0.04184470716205552,1,0,0.01470227316721243
hidden_crossover,17,continuous_cert_narrow,0.20007773393273398,0.19361908808373826,0.00645864584899572,0.18272571756365105,0.20451245860382547,0.021786741040174418,1,0,0.01470227316721243
hidden_crossover,17,two_power_point,0.20007773393273398,0.2018261308292594,0.0017483968965254226,nan,nan,nan,,0,0.01470227316721243
hidden_crossover,18,one_power_bootstrap,0.20007773393273398,0.20063385943853446,0.0005561255058004755,0.19902846231608706,0.20130863198032864,0.002280169664241577,1,0,0.01470227316721243
hidden_crossover,18,one_power_laplace,0.20007773393273398,0.2006321092276757,0.0005543752949417058,0.19934045939524392,0.2019476234377295,0.0026071640424855935,1,0,0.01470227316721243
hidden_crossover,18,continuous_cert_broad,0.20007773393273398,0.17802438393120773,0.02205335000152625,0.1519523809947193,0.20409638686769616,0.05214400587297685,1,0,0.01470227316721243
hidden_crossover,18,continuous_cert_narrow,0.20007773393273398,0.19046490442955616,0.009612829503177822,0.17683092306633824,0.20409888579277408,0.027267962726435835,1,0,0.01470227316721243
hidden_crossover,18,two_power_point,0.20007773393273398,0.19437559818535574,0.00570213574737824,nan,nan,nan,,0,0.01470227316721243
hidden_crossover,19,one_power_bootstrap,0.20007773393273398,0.19909615969644984,0.000981574236284144,0.19753581507982676,0.20046982928850174,0.0029340142086749788,1,0,0.01470227316721243
hidden_crossover,19,one_power_laplace,0.20007773393273398,0.19909441630372457,0.0009833176290094114,0.19785907065869587,0.2003711426340541,0.0025120719753582155,1,0,0.01470227316721243
hidden_crossover,19,continuous_cert_broad,0.20007773393273398,0.17586932567666436,0.024208408256069625,0.1500541164928766,0.20168453486045215,0.051630418367575565,1,0,0.01470227316721243
hidden_crossover,19,continuous_cert_narrow,0.20007773393273398,0.18855302231026486,0.011524711622469125,0.17541686592768263,0.20168917869284708,0.02627231276516445,1,0,0.01470227316721243
hidden_crossover,19,two_power_point,0.20007773393273398,0.18216799832241387,0.01790973561032011,nan,nan,nan,,0,0.01470227316721243
hidden_crossover,20,one_power_bootstrap,0.20007773393273398,0.19971850476365088,0.0003592291690830973,0.19821375469998256,0.20041141359435508,0.0021976588943725117,1,0,0.01470227316721243
hidden_crossover,20,one_power_laplace,0.20007773393273398,0.19971678287121455,0.0003609510615194267,0.1984698248227082,0.20104187257381131,0.002572047751103118,1,0,0.01470227316721243
hidden_crossover,20,continuous_cert_broad,0.20007773393273398,0.17658865338413837,0.02348908054859561,0.150524448970728,0.20265285779754877,0.052128408826820766,1,0,0.01470227316721243
hidden_crossover,20,continuous_cert_narrow,0.20007773393273398,0.1893737020567285,0.010704031876005493,0.17607995081141434,0.2026674533020426,0.026587502490628273,1,0,0.01470227316721243
hidden_crossover,20,two_power_point,0.20007773393273398,0.19971850467058674,0.00035922926214723705,nan,nan,nan,,0,0.01470227316721243
hidden_crossover,21,one_power_bootstrap,0.20007773393273398,0.19994956385178533,0.00012817008094864746,0.1987360562264572,0.20140078328535124,0.002664727058894034,1,0,0.01470227316721243
hidden_crossover,21,one_power_laplace,0.20007773393273398,0.19994786729933872,0.00012986663339525917,0.19869571141204967,0.20125383291158333,0.002558121499533661,1,0,0.01470227316721243
hidden_crossover,21,continuous_cert_broad,0.20007773393273398,0.18030962703289719,0.019768106899836796,0.15785545582286217,0.2027637982429322,0.044908342420070024,1,0,0.01470227316721243
hidden_crossover,21,continuous_cert_narrow,0.20007773393273398,0.1908220240155159,0.00925570991721808,0.17887072141734378,0.20277332661368802,0.02390260519634424,1,0,0.01470227316721243
hidden_crossover,21,two_power_point,0.20007773393273398,0.19994956376730066,0.00012817016543331672,nan,nan,nan,,0,0.01470227316721243
hidden_crossover,22,one_power_bootstrap,0.20007773393273398,0.1993935507222905,0.0006841832104434731,0.19823419046175667,0.20037699918999635,0.002142808728239687,1,0,0.01470227316721243
hidden_crossover,22,one_power_laplace,0.20007773393273398,0.1993918064463515,0.0006859274863824927,0.19808920839105446,0.2007147179833725,0.002625509592318054,1,0,0.01470227316721243
hidden_crossover,22,continuous_cert_broad,0.20007773393273398,0.17503848444951198,0.025039249483222004,0.14731730479855212,0.20275966410047183,0.05544235930191971,1,0,0.01470227316721243
hidden_crossover,22,continuous_cert_narrow,0.20007773393273398,0.1888384600718174,0.011239273860916582,0.17490062126757588,0.2027762988760589,0.02787567760848303,1,0,0.01470227316721243
hidden_crossover,22,two_power_point,0.20007773393273398,0.19900150741437442,0.0010762265183595632,nan,nan,nan,,0,0.01470227316721243
hidden_crossover,23,one_power_bootstrap,0.20007773393273398,0.200009410094002,6.832383873198178e-05,0.19907469095056565,0.2008913640998571,0.001816673149291459,1,0,0.01470227316721243
hidden_crossover,23,one_power_laplace,0.20007773393273398,0.20000767014180665,7.006379092733273e-05,0.19872231435855925,0.20131910863102956,0.0025967942724703097,1,0,0.01470227316721243
hidden_crossover,23,continuous_cert_broad,0.20007773393273398,0.1749122382024367,0.025165495730297277,0.1469241176488022,0.2029003587560712,0.05597624110726901,1,0,0.01470227316721243
hidden_crossover,23,continuous_cert_narrow,0.20007773393273398,0.18878661798537533,0.011291115947358654,0.17467688525143096,0.2028963507193197,0.028219465467888727,1,0,0.01470227316721243
hidden_crossover,23,two_power_point,0.20007773393273398,0.19050240765577192,0.00957532627696206,nan,nan,nan,,0,0.01470227316721243
hidden_crossover,24,one_power_bootstrap,0.20007773393273398,0.19952827625503886,0.0005494576776951254,0.19868823848399275,0.20041574505089207,0.0017275065668993228,1,0,0.01470227316721243
hidden_crossover,24,one_power_laplace,0.20007773393273398,0.19952654346811827,0.000551190464615714,0.1981570986291099,0.2007754263685409,0.0026183277394309923,1,0,0.01470227316721243
hidden_crossover,24,continuous_cert_broad,0.20007773393273398,0.1776153760093327,0.022462357923401288,0.15327227471394309,0.20195847730472227,0.04868620259077919,1,0,0.01470227316721243
hidden_crossover,24,continuous_cert_narrow,0.20007773393273398,0.18971240345650003,0.010365330476233947,0.1774516409533198,0.20197316595968026,0.024521525006360456,1,0,0.01470227316721243
hidden_crossover,24,two_power_point,0.20007773393273398,0.19437672078872867,0.0057010131440053124,nan,nan,nan,,0,0.01470227316721243
hidden_crossover,25,one_power_bootstrap,0.20007773393273398,0.20050692709831797,0.00042919316558398535,0.1997095827005618,0.20178956506666162,0.002079982366099825,1,0,0.01470227316721243
hidden_crossover,25,one_power_laplace,0.20007773393273398,0.20050522372059895,0.00042748978786497083,0.1993172024453502,0.20181571786943128,0.0024985154240810825,1,0,0.01470227316721243
hidden_crossover,25,continuous_cert_broad,0.20007773393273398,0.18646772444555462,0.013610009487179359,0.1695185940025261,0.20341685488858313,0.03389826088605702,1,0,0.01470227316721243
hidden_crossover,25,continuous_cert_narrow,0.20007773393273398,0.19443911816623582,0.005638615766498156,0.1854480834955954,0.20343015283687624,0.017982069341280826,1,0,0.01470227316721243
hidden_crossover,25,two_power_point,0.20007773393273398,0.20050692688801497,0.0004291929552809881,nan,nan,nan,,0,0.01470227316721243
hidden_crossover,26,one_power_bootstrap,0.20007773393273398,0.1999921776835704,8.555624916359306e-05,0.1988717804134201,0.20119023779760822,0.0023184573841881218,1,0,0.01470227316721243
hidden_crossover,26,one_power_laplace,0.20007773393273398,0.19999038795449106,8.734597824291979e-05,0.19876331193088606,0.201268473170985,0.0025051612400989465,1,0,0.01470227316721243
hidden_crossover,26,continuous_cert_broad,0.20007773393273398,0.16755630594741663,0.03252142798531735,0.13322867219425888,0.2018839397005744,0.06865526750631551,1,0,0.01470227316721243
hidden_crossover,26,continuous_cert_narrow,0.20007773393273398,0.18482674272859698,0.015250991204137004,0.16775655417645213,0.20189693128074182,0.03414037710428969,1,0,0.01470227316721243
hidden_crossover,26,two_power_point,0.20007773393273398,0.191196220134373,0.008881513798360968,nan,nan,nan,,0,0.01470227316721243
hidden_crossover,27,one_power_bootstrap,0.20007773393273398,0.20062045624189284,0.0005427223091588607,0.19874098398834775,0.20178411037156158,0.003043126383213829,1,0,0.01470227316721243
hidden_crossover,27,one_power_laplace,0.20007773393273398,0.2006187182148202,0.0005409842820862099,0.1993610450674159,0.20185040630765247,0.002489361240236576,1,0,0.01470227316721243
hidden_crossover,27,continuous_cert_broad,0.20007773393273398,0.17801980575104276,0.022057928181691222,0.1536062482215142,0.20243336328057135,0.04882711505905715,1,0,0.01470227316721243
hidden_crossover,27,continuous_cert_narrow,0.20007773393273398,0.19087022507619492,0.009207508856539065,0.17930965015651304,0.2024307999958768,0.023121149839363753,1,0,0.01470227316721243
hidden_crossover,27,two_power_point,0.20007773393273398,0.19632859577629963,0.0037491381564343507,nan,nan,nan,,0,0.01470227316721243
hidden_crossover,28,one_power_bootstrap,0.20007773393273398,0.20195638417013814,0.0018786502374041614,0.20094763617529288,0.20293063343637288,0.001982997261080005,0,1,0.01470227316721243
hidden_crossover,28,one_power_laplace,0.20007773393273398,0.20195470428186932,0.0018769703491353373,0.20069711915594812,0.2031632441272918,0.002466124971343686,0,1,0.01470227316721243
hidden_crossover,28,continuous_cert_broad,0.20007773393273398,0.18692774285146185,0.013149991081272128,0.1691158050995107,0.204739680603413,0.03562387550390228,1,0,0.01470227316721243
hidden_crossover,28,continuous_cert_narrow,0.20007773393273398,0.1953788372715417,0.0046988966611922756,0.18600193051144537,0.20475574403163807,0.018753813520192703,1,0,0.01470227316721243
hidden_crossover,28,two_power_point,0.20007773393273398,0.20195638440552166,0.0018786504727876796,nan,nan,nan,,0,0.01470227316721243
hidden_crossover,29,one_power_bootstrap,0.20007773393273398,0.20012236521643909,4.4631283705104385e-05,0.19876635442361396,0.20128742109128328,0.002521066667669325,1,0,0.01470227316721243
hidden_crossover,29,one_power_laplace,0.20007773393273398,0.20012059437422794,4.286044149395818e-05,0.19875334638944211,0.20139473606696232,0.0026413896775202006,1,0,0.01470227316721243
hidden_crossover,29,continuous_cert_broad,0.20007773393273398,0.17399219393342136,0.026085539999312624,0.14480091717073434,0.20318347069610834,0.058382553525374,1,0,0.01470227316721243
hidden_crossover,29,continuous_cert_narrow,0.20007773393273398,0.18837445771178546,0.011703276220948522,0.17356566918211325,0.20318324624145764,0.029617577059344397,1,0,0.01470227316721243
hidden_crossover,29,two_power_point,0.20007773393273398,0.1992163666613969,0.0008613672713370935,nan,nan,nan,,0,0.01470227316721243
three_component,0,one_power_bootstrap,0.18008757190688565,0.18199341859302093,0.0019058466861352763,0.18121971916830193,0.18244063152540987,0.001220912357107945,0,1,0.013728011400745846
three_component,0,one_power_laplace,0.18008757190688565,0.18199158165132165,0.0019040097444359971,0.18093837096137738,0.1830599077980305,0.002121536836653115,0,1,0.013728011400745846
three_component,0,continuous_cert_broad,0.18008757190688565,0.1603498945963116,0.019737677310574048,0.13671787656561998,0.18398191262700325,0.04726403606138327,1,0,0.013728011400745846
three_component,0,continuous_cert_narrow,0.18008757190688565,0.17178683070154543,0.008300741205340217,0.15958582372562488,0.18398783767746596,0.02440201395184108,1,0,0.013728011400745846
three_component,0,two_power_point,0.18008757190688565,0.1790481482751002,0.001039423631785441,nan,nan,nan,,0,0.013728011400745846
three_component,1,one_power_bootstrap,0.18008757190688565,0.1826925694049824,0.002604997498096756,0.18155595795436705,0.1837569140036045,0.0022009560492374514,0,1,0.013728011400745846
three_component,1,one_power_laplace,0.18008757190688565,0.18269075968465676,0.0026031877777711043,0.18172881125961116,0.18370326185309513,0.001974450593483973,0,1,0.013728011400745846
three_component,1,continuous_cert_broad,0.18008757190688565,0.16302452141406198,0.017063050492823667,0.14099759500861828,0.18505144781950567,0.04405385281088739,1,0,0.013728011400745846
three_component,1,continuous_cert_narrow,0.18008757190688565,0.17371635272108077,0.006371219185804883,0.16237803219612382,0.18505467324603772,0.022676641049913904,1,0,0.013728011400745846
three_component,1,two_power_point,0.18008757190688565,0.1816297445466336,0.0015421726397479574,nan,nan,nan,,0,0.013728011400745846
three_component,2,one_power_bootstrap,0.18008757190688565,0.18278856952039188,0.0027009976135062286,0.18203333946197728,0.18370144082878842,0.0016681013668111422,0,1,0.013728011400745846
three_component,2,one_power_laplace,0.18008757190688565,0.18278676020677154,0.002699188299885885,0.18185318189872032,0.18378957011198951,0.0019363882132691912,0,1,0.013728011400745846
three_component,2,continuous_cert_broad,0.18008757190688565,0.16214226072281102,0.017945311184074636,0.13952985694108624,0.1847546645045358,0.04522480756344954,1,0,0.013728011400745846
three_component,2,continuous_cert_narrow,0.18008757190688565,0.17289296458885334,0.0071946073180323145,0.16103133046306894,0.1847545987146377,0.023723268251568758,1,0,0.013728011400745846
three_component,2,two_power_point,0.18008757190688565,0.18145646451647654,0.0013688926095908882,nan,nan,nan,,0,0.013728011400745846
three_component,3,one_power_bootstrap,0.18008757190688565,0.1825667190633896,0.002479147156503936,0.18157366081741172,0.18327099050221712,0.0016973296848054042,0,1,0.013728011400745846
three_component,3,one_power_laplace,0.18008757190688565,0.18256491581386497,0.002477343906979318,0.1815265280563554,0.18353848390193025,0.002011955845574842,0,1,0.013728011400745846
three_component,3,continuous_cert_broad,0.18008757190688565,0.16032014962694774,0.019767422279937913,0.13626594831019057,0.18437435094370494,0.048108402633514374,1,0,0.013728011400745846
three_component,3,continuous_cert_narrow,0.18008757190688565,0.1718208255718,0.008266746335085645,0.15926909861378044,0.18437255252981957,0.02510345391603913,1,0,0.013728011400745846
three_component,3,two_power_point,0.18008757190688565,0.1709886736294373,0.009098898277448364,nan,nan,nan,,0,0.013728011400745846
three_component,4,one_power_bootstrap,0.18008757190688565,0.18356955724273327,0.0034819853358476205,0.18292223643573027,0.1845622488188474,0.0016400123831171176,0,1,0.013728011400745846
three_component,4,one_power_laplace,0.18008757190688565,0.18356777844975997,0.0034802065428743145,0.18254855130246636,0.18463866880907495,0.002090117506608591,0,1,0.013728011400745846
three_component,4,continuous_cert_broad,0.18008757190688565,0.16314443513479704,0.016943136772088613,0.14054263806398684,0.18574623220560726,0.04520359414162042,1,0,0.013728011400745846
three_component,4,continuous_cert_narrow,0.18008757190688565,0.17382157607383875,0.006265995833046906,0.16189494063631224,0.18574821151136525,0.023853270875053012,1,0,0.013728011400745846
three_component,4,two_power_point,0.18008757190688565,0.17231669203417097,0.007770879872714687,nan,nan,nan,,0,0.013728011400745846
three_component,5,one_power_bootstrap,0.18008757190688565,0.18202947520927387,0.0019419033023882204,0.18097257157455002,0.18310907312133137,0.0021365015467813553,0,1,0.013728011400745846
three_component,5,one_power_laplace,0.18008757190688565,0.18202769846854272,0.0019401265616570684,0.18099450085507696,0.183095650893851,0.0021011500387740356,0,1,0.013728011400745846
three_component,5,continuous_cert_broad,0.18008757190688565,0.16510675616357579,0.014980815743309867,0.14580782370905215,0.18440568861809944,0.03859786490904729,1,0,0.013728011400745846
three_component,5,continuous_cert_narrow,0.18008757190688565,0.1740720591792212,0.006015512727664457,0.16373620958267535,0.18440790877576707,0.020671699193091725,1,0,0.013728011400745846
three_component,5,two_power_point,0.18008757190688565,0.17857372175926448,0.0015138501476211763,nan,nan,nan,,0,0.013728011400745846
three_component,6,one_power_bootstrap,0.18008757190688565,0.1828715021472986,0.0027839302404129573,0.18236769034149697,0.18380655841963323,0.0014388680781362573,0,1,0.013728011400745846
three_component,6,one_power_laplace,0.18008757190688565,0.18286977870841542,0.0027822068015297685,0.18182263896650944,0.18387822233918066,0.002055583372671227,0,1,0.013728011400745846
three_component,6,continuous_cert_broad,0.18008757190688565,0.17046084702365805,0.009626724883227605,0.1562984111485161,0.1846232828988,0.02832487175028392,1,0,0.013728011400745846
three_component,6,continuous_cert_narrow,0.18008757190688565,0.1771113905373592,0.0029761813695264594,0.1696042031404945,0.18461857793422387,0.015014374793729357,1,0,0.013728011400745846
three_component,6,two_power_point,0.18008757190688565,0.1828204937922736,0.0027329218853879567,nan,nan,nan,,0,0.013728011400745846
three_component,7,one_power_bootstrap,0.18008757190688565,0.18329784964416637,0.00321027773728072,0.1826794238393404,0.1840593754475893,0.001379951608248886,0,1,0.013728011400745846
three_component,7,one_power_laplace,0.18008757190688565,0.18329603589973825,0.0032084639928526004,0.18228597094736856,0.18432735893598656,0.0020413879886179986,0,1,0.013728011400745846
three_component,7,continuous_cert_broad,0.18008757190688565,0.16106341527342727,0.019024156633458383,0.13838475589181404,0.1837420746550405,0.04535731876322646,1,0,0.013728011400745846
three_component,7,continuous_cert_narrow,0.18008757190688565,0.17323665111634887,0.006850920790536785,0.16273371506444184,0.1837395871682559,0.02100587210381405,1,0,0.013728011400745846
three_component,7,two_power_point,0.18008757190688565,0.16901121686252304,0.011076355044362607,nan,nan,nan,,0,0.013728011400745846
three_component,8,one_power_bootstrap,0.18008757190688565,0.18209787742598701,0.002010305519101363,0.18113295290442383,0.18287148371754916,0.001738530813125333,0,1,0.013728011400745846
three_component,8,one_power_laplace,0.18008757190688565,0.18209614096449828,0.0020085690576126247,0.1810954462183405,0.1831586875387318,0.0020632413203912903,0,1,0.013728011400745846
three_component,8,continuous_cert_broad,0.18008757190688565,0.16632128238086685,0.013766289526018799,0.14791689087324938,0.18472567388848432,0.036808783015234936,1,0,0.013728011400745846
three_component,8,continuous_cert_narrow,0.18008757190688565,0.17497348448748296,0.005114087419402696,0.1652228684898494,0.1847241004851165,0.0195012319952671,1,0,0.013728011400745846
three_component,8,two_power_point,0.18008757190688565,0.18209787737042574,0.002010305463540085,nan,nan,nan,,0,0.013728011400745846
three_component,9,one_power_bootstrap,0.18008757190688565,0.18299617077516295,0.0029085988682772956,0.18255583102719314,0.1842297344149319,0.0016739033877387621,0,1,0.013728011400745846
three_component,9,one_power_laplace,0.18008757190688565,0.18299440525205582,0.0029068333451701678,0.1819845315168846,0.1840780014259728,0.002093469909088208,0,1,0.013728011400745846
three_component,9,continuous_cert_broad,0.18008757190688565,0.16934832112882653,0.010739250778059123,0.15435540712709428,0.18434123513055878,0.0299858280034645,1,0,0.013728011400745846
three_component,9,continuous_cert_narrow,0.18008757190688565,0.17680673507482053,0.0032808368320651204,0.16926866222707976,0.18434480792256128,0.015076145695481519,1,0,0.013728011400745846
three_component,9,two_power_point,0.18008757190688565,0.18262021601417616,0.0025326441072905104,nan,nan,nan,,0,0.013728011400745846
three_component,10,one_power_bootstrap,0.18008757190688565,0.1826794804723107,0.002591908565425044,0.18209785704713224,0.1835195049019592,0.0014216478548269573,0,1,0.013728011400745846
three_component,10,one_power_laplace,0.18008757190688565,0.18267768742389048,0.0025901155170048318,0.18165795592413775,0.1837317077321189,0.002073751807981139,0,1,0.013728011400745846
three_component,10,continuous_cert_broad,0.18008757190688565,0.1654781663327467,0.01460940557413895,0.14597856747019464,0.1849777651952988,0.03899919772510416,1,0,0.013728011400745846
three_component,10,continuous_cert_narrow,0.18008757190688565,0.17483493204013226,0.005252639866753395,0.16468890228903713,0.1849809617912274,0.020292059502190263,1,0,0.013728011400745846
three_component,10,two_power_point,0.18008757190688565,0.1817109519741565,0.0016233800672708354,nan,nan,nan,,0,0.013728011400745846
three_component,11,one_power_bootstrap,0.18008757190688565,0.18201563980159957,0.0019280678947139196,0.18088586012876953,0.1829412184935951,0.0020553583648255658,0,1,0.013728011400745846
three_component,11,one_power_laplace,0.18008757190688565,0.18201389140221086,0.0019263194953252072,0.1810112739175252,0.18300558467062072,0.0019943107530955295,0,1,0.013728011400745846
three_component,11,continuous_cert_broad,0.18008757190688565,0.16410812990912288,0.015979441997762772,0.14439859358811938,0.18381766623012638,0.039419072642007,1,0,0.013728011400745846
three_component,11,continuous_cert_narrow,0.18008757190688565,0.17399248680150636,0.006095085105379289,0.16416705746746083,0.18381791613555193,0.019650858668091103,1,0,0.013728011400745846
three_component,11,two_power_point,0.18008757190688565,0.1782028540094254,0.001884717897460253,nan,nan,nan,,0,0.013728011400745846
three_component,12,one_power_bootstrap,0.18008757190688565,0.1822672863914426,0.0021797144845569494,0.18171727746796573,0.18311201118362488,0.0013947337156591522,0,1,0.013728011400745846
three_component,12,one_power_laplace,0.18008757190688565,0.1822654787081879,0.002177906801302254,0.18120447788733796,0.18330632358124477,0.002101845693906812,0,1,0.013728011400745846
three_component,12,continuous_cert_broad,0.18008757190688565,0.16406896799349155,0.016018603913394103,0.14305395899488235,0.18508397699210075,0.042030017997218394,1,0,0.013728011400745846
three_component,12,continuous_cert_narrow,0.18008757190688565,0.17419726582756145,0.005890306079324198,0.16331280021465108,0.18508173144047185,0.02176893122582077,1,0,0.013728011400745846
three_component,12,two_power_point,0.18008757190688565,0.18204944214824426,0.001961870241358604,nan,nan,nan,,0,0.013728011400745846
three_component,13,one_power_bootstrap,0.18008757190688565,0.18193687248768078,0.0018493005807951324,0.1810718468905686,0.1834250155308923,0.0023531686403236995,0,1,0.013728011400745846
three_component,13,one_power_laplace,0.18008757190688565,0.1819350950220701,0.0018475231151844351,0.1809563107448859,0.18300748956878254,0.002051178823896632,0,1,0.013728011400745846
three_component,13,continuous_cert_broad,0.18008757190688565,0.15782853604963096,0.022259035857254694,0.13224800000808842,0.1834090720911735,0.05116107208308507,1,0,0.013728011400745846
three_component,13,continuous_cert_narrow,0.18008757190688565,0.17016764969634107,0.00991992221054458,0.15692757267838708,0.18340772671429503,0.02648015403590795,1,0,0.013728011400745846
three_component,13,two_power_point,0.18008757190688565,0.16880676949274936,0.011280802414136287,nan,nan,nan,,0,0.013728011400745846
three_component,14,one_power_bootstrap,0.18008757190688565,0.1825923318831665,0.002504759976280857,0.18182385225243003,0.18369197681871524,0.001868124566285212,0,1,0.013728011400745846
three_component,14,one_power_laplace,0.18008757190688565,0.1825905882993339,0.0025030163924482374,0.18160441077366896,0.1836050203454705,0.002000609571801537,0,1,0.013728011400745846
three_component,14,continuous_cert_broad,0.18008757190688565,0.16435423445245126,0.015733337454434393,0.14402348755063846,0.18468498135426406,0.040661493803625604,1,0,0.013728011400745846
three_component,14,continuous_cert_narrow,0.18008757190688565,0.17399523657179602,0.006092335335089627,0.16330724300209748,0.18468323014149457,0.02137598713939709,1,0,0.013728011400745846
three_component,14,two_power_point,0.18008757190688565,0.17563467613378644,0.004452895773099208,nan,nan,nan,,0,0.013728011400745846
three_component,15,one_power_bootstrap,0.18008757190688565,0.1821661850791437,0.002078613172258048,0.18103120172141252,0.1833746632998488,0.00234346157843629,0,1,0.013728011400745846
three_component,15,one_power_laplace,0.18008757190688565,0.1821644122566906,0.0020768403498049592,0.18107136935667706,0.18325680739122074,0.0021854380345436852,0,1,0.013728011400745846
three_component,15,continuous_cert_broad,0.18008757190688565,0.163892605926903,0.016194965979982656,0.14416681099535492,0.18361840085845108,0.03945158986309616,1,0,0.013728011400745846
three_component,15,continuous_cert_narrow,0.18008757190688565,0.1733177941543042,0.006769777752581446,0.16301506620176054,0.18362052210684787,0.020605455905087333,1,0,0.013728011400745846
three_component,15,two_power_point,0.18008757190688565,0.173206624642302,0.006880947264583659,nan,nan,nan,,0,0.013728011400745846
three_component,16,one_power_bootstrap,0.18008757190688565,0.18306485289171653,0.0029772809848308823,0.1818904171870706,0.1836255450107215,0.0017351278236509005,0,1,0.013728011400745846
three_component,16,one_power_laplace,0.18008757190688565,0.18306304839394558,0.002975476487059925,0.18199798650811796,0.18405994278771348,0.002061956279595517,0,1,0.013728011400745846
three_component,16,continuous_cert_broad,0.18008757190688565,0.1611831396453182,0.01890443226156746,0.13706496700746174,0.18530131228317465,0.04823634527571291,1,0,0.013728011400745846
three_component,16,continuous_cert_narrow,0.18008757190688565,0.1728089872021183,0.00727858470476736,0.1603173020610337,0.18530067234320285,0.024983370282169154,1,0,0.013728011400745846
three_component,16,two_power_point,0.18008757190688565,0.18061584906717873,0.000528277160293078,nan,nan,nan,,0,0.013728011400745846
three_component,17,one_power_bootstrap,0.18008757190688565,0.18229916794120052,0.0022115960343148666,0.18168226376839883,0.18310007643736512,0.0014178126689662895,0,1,0.013728011400745846
three_component,17,one_power_laplace,0.18008757190688565,0.1822973867246111,0.0022098148177254473,0.1813502735449209,0.18333447592830646,0.0019842023833855638,0,1,0.013728011400745846
three_component,17,continuous_cert_broad,0.18008757190688565,0.1605296490518089,0.019557922855076765,0.13692962988555304,0.18412966821806476,0.04720003833251171,1,0,0.013728011400745846
three_component,17,continuous_cert_narrow,0.18008757190688565,0.1720411416345346,0.008046430272351052,0.15994960744587292,0.1841326758231963,0.024183068377323397,1,0,0.013728011400745846
three_component,17,two_power_point,0.18008757190688565,0.17127232258937164,0.008815249317514012,nan,nan,nan,,0,0.013728011400745846
three_component,18,one_power_bootstrap,0.18008757190688565,0.18243279867325068,0.002345226766365033,0.18194050957614313,0.18353832518033802,0.001597815604194891,0,1,0.013728011400745846
three_component,18,one_power_laplace,0.18008757190688565,0.18243103644924558,0.0023434645423599243,0.1814527748695349,0.1834788534630957,0.0020260785935607983,0,1,0.013728011400745846
three_component,18,continuous_cert_broad,0.18008757190688565,0.16378518655255492,0.016302385354330734,0.142903411537085,0.1846669615680248,0.04176355003093982,1,0,0.013728011400745846
three_component,18,continuous_cert_narrow,0.18008757190688565,0.17365172111268626,0.006435850794199394,0.16263616454033547,0.18466727768503705,0.022031113144701575,1,0,0.013728011400745846
three_component,18,two_power_point,0.18008757190688565,0.18242645958880435,0.0023388876819187,nan,nan,nan,,0,0.013728011400745846
three_component,19,one_power_bootstrap,0.18008757190688565,0.18227422958397776,0.002186657677092113,0.18107100183541328,0.18374264132120982,0.0026716394857965453,0,1,0.013728011400745846
three_component,19,one_power_laplace,0.18008757190688565,0.18227246361640156,0.0021848917095159126,0.18113733534708878,0.1833267184694447,0.00218938312235592,0,1,0.013728011400745846
three_component,19,continuous_cert_broad,0.18008757190688565,0.16800944032063994,0.01207813158624571,0.1510527262394798,0.1849661544018001,0.03391342816232029,1,0,0.013728011400745846
three_component,19,continuous_cert_narrow,0.18008757190688565,0.17572789608457495,0.004359675822310699,0.1664948364164188,0.18496095575273114,0.018466119336312342,1,0,0.013728011400745846
three_component,19,two_power_point,0.18008757190688565,0.1822742295447563,0.0021866576378706537,nan,nan,nan,,0,0.013728011400745846
three_component,20,one_power_bootstrap,0.18008757190688565,0.1829817547747606,0.0028941828678749615,0.1820210935856388,0.18400953827371674,0.001988444688077934,0,1,0.013728011400745846
three_component,20,one_power_laplace,0.18008757190688565,0.18297997126166096,0.00289239935477531,0.1818923766049167,0.1840168422723862,0.002124465667469516,0,1,0.013728011400745846
three_component,20,continuous_cert_broad,0.18008757190688565,0.16347951614756548,0.016608055759320173,0.14188462309959343,0.18507440919553753,0.043189786095944094,1,0,0.013728011400745846
three_component,20,continuous_cert_narrow,0.18008757190688565,0.17400722907291483,0.006080342833970825,0.16293804595637612,0.18507641218945353,0.02213836623307741,1,0,0.013728011400745846
three_component,20,two_power_point,0.18008757190688565,0.17411595191785506,0.005971619989030591,nan,nan,nan,,0,0.013728011400745846
three_component,21,one_power_bootstrap,0.18008757190688565,0.18180935842971394,0.0017217865228282836,0.18026089208026272,0.18279564449503619,0.002534752414773467,0,1,0.013728011400745846
three_component,21,one_power_laplace,0.18008757190688565,0.18180756426819547,0.001719992361309819,0.1807796065319641,0.1828241698340671,0.0020445633021030085,0,1,0.013728011400745846
three_component,21,continuous_cert_broad,0.18008757190688565,0.1575898507431181,0.022497721163767553,0.13191601218859433,0.18326368929764184,0.0513476771090475,1,0,0.013728011400745846
three_component,21,continuous_cert_narrow,0.18008757190688565,0.1701525722535513,0.009934999653334359,0.1570412614965197,0.18326388301058286,0.026222621514063155,1,0,0.013728011400745846
three_component,21,two_power_point,0.18008757190688565,0.17240389695897307,0.007683674947912583,nan,nan,nan,,0,0.013728011400745846
three_component,22,one_power_bootstrap,0.18008757190688565,0.18249975424228446,0.0024121823353988048,0.18112778977426996,0.18311058629933244,0.0019827965250624746,0,1,0.013728011400745846
three_component,22,one_power_laplace,0.18008757190688565,0.18249793660406824,0.0024103646971825876,0.18146664660569362,0.18354200834820106,0.002075361742507442,0,1,0.013728011400745846
three_component,22,continuous_cert_broad,0.18008757190688565,0.16253897068844503,0.017548601218440624,0.1407916118801784,0.18428632949671164,0.04349471761653323,1,0,0.013728011400745846
three_component,22,continuous_cert_narrow,0.18008757190688565,0.17291373423160544,0.007173837675280209,0.16154244304579818,0.18428502541741273,0.022742582371614556,1,0,0.013728011400745846
three_component,22,two_power_point,0.18008757190688565,0.18091042607382207,0.0008228541669364209,nan,nan,nan,,0,0.013728011400745846
three_component,23,one_power_bootstrap,0.18008757190688565,0.18322381122867237,0.0031362393217867213,0.18197987966915558,0.18401719750953485,0.002037317840379277,0,1,0.013728011400745846
three_component,23,one_power_laplace,0.18008757190688565,0.1832220232925306,0.003134451385644943,0.18220447103722803,0.18424449223500933,0.0020400211977812943,0,1,0.013728011400745846
three_component,23,continuous_cert_broad,0.18008757190688565,0.16572135239899022,0.014366219507895434,0.14608969063695187,0.1853530141610286,0.039263323524076715,1,0,0.013728011400745846
three_component,23,continuous_cert_narrow,0.18008757190688565,0.1749621850286765,0.005125386878209154,0.16456855852223456,0.1853558115351184,0.02078725301288384,1,0,0.013728011400745846
three_component,23,two_power_point,0.18008757190688565,0.17438759078659719,0.0056999811202884665,nan,nan,nan,,0,0.013728011400745846
three_component,24,one_power_bootstrap,0.18008757190688565,0.18245527389122987,0.002367701984344217,0.1817599742988268,0.1833866858062299,0.0016267115074031224,0,1,0.013728011400745846
three_component,24,one_power_laplace,0.18008757190688565,0.18245341648810812,0.002365844581222465,0.1814690556551856,0.18354392253475244,0.0020748668795668446,0,1,0.013728011400745846
three_component,24,continuous_cert_broad,0.18008757190688565,0.1566038034186906,0.023483768488195056,0.12982256650609295,0.18338504033128825,0.0535624738251953,1,0,0.013728011400745846
three_component,24,continuous_cert_narrow,0.18008757190688565,0.17034488979493548,0.009742682111950174,0.157304345193792,0.18338543439607896,0.026081089202286967,1,0,0.013728011400745846
three_component,24,two_power_point,0.18008757190688565,0.17741830824294494,0.002669263663940713,nan,nan,nan,,0,0.013728011400745846
three_component,25,one_power_bootstrap,0.18008757190688565,0.1817363835529992,0.0016488116461135516,0.18070821460225775,0.18258403203408835,0.001875817431830601,0,1,0.013728011400745846
three_component,25,one_power_laplace,0.18008757190688565,0.1817346032698311,0.0016470313629454447,0.18064037498199736,0.18272939474064548,0.002089019758648114,0,1,0.013728011400745846
three_component,25,continuous_cert_broad,0.18008757190688565,0.16456792006730014,0.015519651839585508,0.14525145949817178,0.18388438063642853,0.038632921138256754,1,0,0.013728011400745846
three_component,25,continuous_cert_narrow,0.18008757190688565,0.17367943178671097,0.006408140120174682,0.16347412347555082,0.18388474009787112,0.0204106166223203,1,0,0.013728011400745846
three_component,25,two_power_point,0.18008757190688565,0.18117550015211437,0.0010879282452287142,nan,nan,nan,,0,0.013728011400745846
three_component,26,one_power_bootstrap,0.18008757190688565,0.18196214084651624,0.0018745689396305887,0.1807792730193372,0.18363605119689033,0.002856778177553143,0,1,0.013728011400745846
three_component,26,one_power_laplace,0.18008757190688565,0.18196036456595419,0.001872792659068534,0.18095101001625524,0.182955622358029,0.002004612341773765,0,1,0.013728011400745846
three_component,26,continuous_cert_broad,0.18008757190688565,0.16413598331203566,0.01595158859484999,0.14335251834570784,0.18491944827836346,0.04156692993265562,1,0,0.013728011400745846
three_component,26,continuous_cert_narrow,0.18008757190688565,0.1739785480022898,0.006109023904595862,0.163034489079291,0.18492260692528859,0.02188811784599759,1,0,0.013728011400745846
three_component,26,two_power_point,0.18008757190688565,0.18144353841463173,0.0013559665077460814,nan,nan,nan,,0,0.013728011400745846
three_component,27,one_power_bootstrap,0.18008757190688565,0.18225928794218543,0.002171716035299781,0.1816494586989438,0.1832517433259393,0.0016022846269954927,0,1,0.013728011400745846
three_component,27,one_power_laplace,0.18008757190688565,0.18225750818533165,0.0021699362784459997,0.18119641683593152,0.18322970026885654,0.002033283432925026,0,1,0.013728011400745846
three_component,27,continuous_cert_broad,0.18008757190688565,0.16163309379169388,0.01845447811519177,0.13933277098013142,0.18393341660325635,0.044600645623124935,1,0,0.013728011400745846
three_component,27,continuous_cert_narrow,0.18008757190688565,0.17219280612288015,0.007894765784005497,0.16045442927395887,0.18393118297180144,0.02347675369784258,1,0,0.013728011400745846
three_component,27,two_power_point,0.18008757190688565,0.1773755270213885,0.0027120448854971446,nan,nan,nan,,0,0.013728011400745846
three_component,28,one_power_bootstrap,0.18008757190688565,0.18321963258238577,0.00313206067550012,0.18201873367952978,0.1833009279362451,0.00128219425671533,0,1,0.013728011400745846
three_component,28,one_power_laplace,0.18008757190688565,0.18321780437971083,0.0031302324728251785,0.18220277876362942,0.18416205711444825,0.001959278350818827,0,1,0.013728011400745846
three_component,28,continuous_cert_broad,0.18008757190688565,0.15890510843110184,0.021182463475783814,0.1335385998221252,0.1842716170400785,0.050733017217953286,1,0,0.013728011400745846
three_component,28,continuous_cert_narrow,0.18008757190688565,0.1714765627893896,0.008611009117496043,0.15867817178081126,0.184274953797968,0.025596782017156733,1,0,0.013728011400745846
three_component,28,two_power_point,0.18008757190688565,0.1683697347318204,0.011717837175065249,nan,nan,nan,,0,0.013728011400745846
three_component,29,one_power_bootstrap,0.18008757190688565,0.18214046162812828,0.0020528897212426234,0.1812818603556988,0.18300654448890868,0.0017246841332098917,0,1,0.013728011400745846
three_component,29,one_power_laplace,0.18008757190688565,0.1821386798069295,0.0020511079000438415,0.18112127496306887,0.18308570421417608,0.001964429251107208,0,1,0.013728011400745846
three_component,29,continuous_cert_broad,0.18008757190688565,0.15977560560615867,0.020311966300726986,0.13540335341553417,0.18414785779678317,0.048744504381249,1,0,0.013728011400745846
three_component,29,continuous_cert_narrow,0.18008757190688565,0.17166354328642539,0.008424028620460267,0.15917912819124802,0.18414795838160275,0.02496883019035473,1,0,0.013728011400745846
three_component,29,two_power_point,0.18008757190688565,0.16659135505513997,0.01349621685174568,nan,nan,nan,,0,0.013728011400745846
